AMKA_patient;admission_timestamp;discharge_timestamp;dep_name;bed_number;DRG_code;adm_code;disch_code;total_cost
11015057394;5/3/2026 15:16;7/3/2026 19:43;Internal Medicine;17;Κ17Χ;A04.6;S57;78510.0
11015083515;16/3/2026 2:59;31/3/2026 8:39;Pediatrics;17;Θ01Χ;X49;S38;37346.67
11015023359;7/5/2026 19:26;19/5/2026 15:44;Radiology;4;Μ32Μβ;I71.4;E56.0;99630.0
11015097813;20/9/2025 13:21;24/9/2025 22:44;Internal Medicine;10;Κ40Χ;T80;G61;13233.33
11015040777;11/4/2026 11:41;13/4/2026 15:00;Pulmonology;20;Υ22Μ;K09.9;Q13;14710.0
11015038682;3/8/2025 0:40;5/8/2025 0:14;Gynecology;18;Ζ02Χ;L43.0;C38.3;29790.0
11015077256;25/4/2026 9:32;26/4/2026 19:08;Internal Medicine;12;Μ67Μ;Y14;S88.9;24280.0
11015034383;2/10/2025 11:30;9/10/2025 11:25;Pulmonology;18;Ν04Χ;D26.0;T56.7;43225.0
11015054565;9/7/2025 10:26;22/7/2025 6:11;Internal Medicine;18;Σ20Μ;Q95.8;F41.2;74350.0
11015018631;21/10/2025 6:12;25/10/2025 15:40;Internal Medicine;15;Π11Α;H53.5;Q95.0;14150.0
11015022412;9/1/2026 15:57;10/1/2026 16:33;Neurology;14;Κ41Μ;O94;D10.0;48010.0
11015011978;15/2/2026 3:10;27/2/2026 18:09;Gynecology;11;Μ27Μ;D81.0;K41.9;31474.44
11015000150;14/2/2026 18:07;19/2/2026 0:02;Microbiology;17;S01Χ;D14;B35.6;66700.0
11015058160;30/6/2025 8:21;3/7/2025 1:52;Orthopedics;19;Ξ01Α;D19.7;S98.4;34760.0
11015025455;4/7/2025 15:25;6/7/2025 7:47;Pediatrics;14;Ξ22Α;Z02.9;Q04;5140.0
11015084462;10/2/2026 3:34;12/2/2026 0:35;Pulmonology;8;Ο20Χ;Y53;B53.8;10350.0
11015077602;22/2/2026 3:14;26/2/2026 10:31;Microbiology;16;Μ04Μ;R78.9;E04.9;70420.0
11015092569;9/4/2026 23:16;15/4/2026 23:30;Cardiology;11;Α34Μβ;I72.8;P55.8;13930.0
11015070976;2/3/2026 4:12;8/3/2026 22:31;ICU;14;Δ29Μ;K57.2;V83.7;21710.0
11015002201;29/12/2025 7:46;1/1/2026 0:11;Internal Medicine;6;Κ38Μ;Y51.5;F28;12840.0
11015061940;12/12/2025 9:46;21/12/2025 18:42;Emergency;10;Δ29Μ;D86.1;D18;21710.0
11015082400;28/11/2025 22:56;1/12/2025 14:50;Radiology;18;Υ20Μα;H80.0;H57.8;29340.0
11015020824;18/7/2025 13:05;20/7/2025 8:38;Pulmonology;3;Δ27Χ;M80.3;S39.0;3980.0
99900000005;20/9/2025 3:07;24/9/2025 2:38;Gynecology;9;Μ04Χ;Q89.2;Q18.4;66110.0
11015012922;30/9/2025 1:21;5/10/2025 8:17;Gastroenterology;1;Μ71Μ;Y62.1;O36.4;13230.0
11015069194;28/11/2025 8:53;6/12/2025 7:55;Neurology;15;Κ46Μ;E83.8;K57.4;16600.0
11015073492;2/2/2026 13:22;4/2/2026 3:44;Urology;8;Τ20Χ;M79.0;P25;5120.0
11015001845;1/10/2025 17:49;12/10/2025 18:49;Radiology;12;Μ08Μ;Q66.9;T57.9;44490.0
11015041687;10/6/2025 1:48;16/6/2025 4:52;Gynecology;19;Υ25Μ;P00.7;V39;13160.0
11015038842;16/5/2025 13:18;17/5/2025 18:35;Neurology;6;Α11Χ;A44.9;T28.5;36350.0
11015093906;20/5/2025 1:26;23/5/2025 21:38;Gynecology;3;Μ71Χ;A63.8;N77.8*;8100.0
11015091445;2/1/2026 1:20;4/1/2026 0:08;Urology;16;Ζ03Α;N51.0*;X15;23120.0
11015052629;1/11/2025 14:20;2/11/2025 12:29;ICU;9;Υ04Χβ;O82.0;Q04.4;16050.0
11015091631;28/12/2025 9:22;4/1/2026 1:23;Pulmonology;12;Ν33Α;S16;T29.4;17243.33
11015004548;6/7/2025 17:19;21/7/2025 5:22;Emergency;2;Τ26Μγ;S27.5;M66;22418.18
11015023331;10/12/2025 11:33;17/12/2025 20:28;ICU;8;Κ33Χ;P91.3;L54*;10704.0
11015053682;14/7/2025 8:52;18/7/2025 23:34;Neurology;20;Α34Μα;Z02.8;X18;19770.0
11015088716;4/3/2026 7:21;5/3/2026 15:16;Orthopedics;2;Α33Μβ;Z12.5;L90.9;10430.0
11015063706;18/10/2025 4:07;23/10/2025 19:16;Gastroenterology;10;Γ06Μ;C76.0;C57.2;24735.0
11015083089;29/8/2025 19:06;3/9/2025 22:02;Internal Medicine;3;Μ63Μ;M79.6;O23.2;11980.0
11015068836;15/11/2025 5:10;16/11/2025 18:04;Surgery;3;Σ21Χ;I47.0;M20.2;18860.0
11015017650;23/10/2025 19:42;29/10/2025 12:29;Orthopedics;16;Υ27Μ;L98.4;O35.3;16730.0
11015055323;21/9/2025 1:29;21/9/2025 18:51;Surgery;5;Κ32Χ;V81.2;M79.5;10890.0
11015083463;22/7/2025 11:12;2/8/2025 10:10;Neurology;1;Κ07Μβ;T67.8;T60.2;100086.25
11015040526;11/6/2025 8:35;14/6/2025 20:01;Urology;19;Ν27Μβ;H04.3;N75.9;13070.0
11015009990;25/11/2025 19:58;3/12/2025 6:55;Gynecology;5;Μ60Α;K38.2;F51.9;19657.14
11015023215;24/8/2025 9:48;26/8/2025 14:57;ICU;5;Μ19Χ;Z75.3;D03.4;28560.0
11015004129;31/7/2025 7:01;7/8/2025 7:02;Microbiology;12;Θ24Μ;B30;B16.9;18290.0
11015013903;12/7/2025 8:17;16/7/2025 22:41;Pediatrics;3;Μ73Χ;M14*;L43.1;7300.0
11015010149;23/9/2025 3:23;25/9/2025 0:40;Emergency;13;Φ25Μ;L01.0;P22.8;12560.0
11015085979;16/8/2025 20:44;2/9/2025 8:41;Pulmonology;14;Κ34Μ;Z52.2;K59.8;29200.77
11015076453;31/7/2025 19:19;14/8/2025 2:17;Pulmonology;19;Ν06Μ;V49.8;K50.9;35506.15
11015044498;14/7/2025 21:51;27/7/2025 3:42;Emergency;2;Φ26Μ;Y16;P50.4;35533.33
99900000006;11/2/2026 1:00;15/2/2026 13:38;Radiology;1;S01Α;A39.2;M30.3;27000.0
11015046922;10/2/2026 5:30;17/2/2026 0:11;Ophthalmology;20;Κ07Χ;Y84.2;G90.9;53540.0
11015092113;7/5/2026 5:24;15/5/2026 13:28;Radiology;11;Τ26Χ;E23.0;M20.4;12888.0
11015021477;15/2/2026 13:19;19/2/2026 0:28;Pediatrics;17;Τ06Μ;K56.6;F50.8;151280.0
11015026203;1/1/2026 19:54;6/1/2026 3:37;Pediatrics;9;Ε09Α;P02.1;T86;153460.0
99900000007;12/2/2026 19:11;13/2/2026 12:04;Pulmonology;1;Ο05Α;T31.8;T31.4;8960.0
11015035596;31/5/2025 2:10;2/6/2025 1:19;ICU;11;Π27Α;Q04.4;Q33.3;5300.0
11015041516;5/11/2025 21:12;10/11/2025 1:49;Internal Medicine;4;Ν30Χ;M10.4;S54.0;11910.0
11015059383;10/11/2025 11:34;18/11/2025 23:41;Microbiology;3;Ε01Α;O95;D16.4;289070.0
11015014902;27/5/2025 4:10;31/5/2025 9:40;Gastroenterology;7;Λ23Α;O70.1;S75.7;13250.0
11015063680;9/7/2025 22:52;14/7/2025 4:46;Surgery;6;Κ08Χ;E03.2;A42.1;55610.0
11015038799;20/6/2025 21:34;22/6/2025 22:39;Pediatrics;9;Π43Α;M14.5*;G12.8;5025.0
11015071760;24/6/2025 9:32;1/7/2025 16:21;Radiology;12;Υ03Μβ;Z73.9;Z83.1;44260.0
99900000008;19/4/2026 2:49;20/4/2026 6:03;Pulmonology;18;Ο13Α;N25.1;L93.1;6720.0
11015040447;25/11/2025 5:16;5/12/2025 17:55;Radiology;17;Μ08Χ;Z91.0;L04.8;36837.78
11015061735;4/7/2025 8:06;5/7/2025 7:43;Internal Medicine;15;Ο02Α;N77.0*;D01.3;16110.0
11015052184;17/4/2026 23:34;24/4/2026 21:31;Gastroenterology;3;Β02Χ;W58;S87.0;23496.67
11015083249;12/8/2025 19:10;28/8/2025 8:34;Orthopedics;2;Π04Μα;R52.2;A26;48470.0
11015041455;11/5/2025 23:03;15/5/2025 3:26;Radiology;20;Ν38Μ;H83.1;O28.0;23270.0
11015092792;7/12/2025 3:01;7/12/2025 19:04;Cardiology;20;Κ11Μ;N85.0;R63.5;72920.0
11015068319;17/6/2025 18:00;22/6/2025 17:38;ICU;7;Ω14Α;E27.1;B33.3;18500.0
11015005155;9/2/2026 9:43;19/2/2026 10:44;Radiology;16;Ο17Α;L84;T37.9;26653.0
11015013119;20/1/2026 5:32;25/1/2026 11:15;Emergency;2;Κ40Χ;G62;L98.1;15880.0
11015072322;4/9/2025 6:40;18/9/2025 6:36;Radiology;17;Ρ24Μα;Q67.0;Z11;37730.0
11015051880;10/1/2026 10:36;12/1/2026 3:55;Internal Medicine;1;Ν27Μα;C50;E78.8;25290.0
11015008928;3/1/2026 14:29;6/1/2026 19:00;Cardiology;12;Π05Χ;A48.1;B83.4;13790.0
11015085158;11/11/2025 9:05;14/11/2025 0:32;Pulmonology;17;Τ25Χ;Q69.1;D51.2;26460.0
11015020628;15/10/2025 5:21;23/10/2025 22:09;Microbiology;11;Α21Χ;K11.9;A01.0;15525.0
99900000009;5/2/2026 19:32;13/2/2026 11:34;Microbiology;19;Η42Μ;T03.1;K00.3;19380.0
11015014813;20/9/2025 11:46;22/9/2025 11:30;Pulmonology;11;Μ30Α;J01.1;X21;17820.0
11015045326;7/1/2026 15:44;8/1/2026 13:38;Ophthalmology;8;Λ02Χ;D05.7;J66;11750.0
11015077648;12/1/2026 12:33;19/1/2026 9:33;Neurology;3;Σ20Μ;E80.3;A75.9;74350.0
11015089993;17/11/2025 23:46;23/11/2025 20:33;Gynecology;9;Μ61Μ;O66.1;A42.0;22100.0
11015042819;18/5/2025 10:42;8/6/2025 0:14;Internal Medicine;12;Τ25Μα;Y43.8;A07.0;58720.0
11015045479;10/1/2026 15:40;26/1/2026 18:33;Pediatrics;1;Μ07Α;S81.9;S37.0;52350.0
11015070057;15/12/2025 14:00;22/12/2025 17:42;Microbiology;14;Β01Χ;P71.1;S80.0;57840.0
11015030387;31/12/2025 1:59;3/1/2026 4:19;Urology;5;Α27Χ;T30;F43.8;7000.0
11015045415;25/12/2025 0:29;26/12/2025 4:17;Gynecology;8;Φ62Χ;K31;E03.4;3740.0
11015006181;1/12/2025 0:23;5/12/2025 10:32;Urology;12;Β20Χ;I23.3;Q25.0;10325.0
11015053389;23/11/2025 3:52;14/12/2025 13:59;Internal Medicine;20;Ρ10Μα;H54.0;V19.3;71180.0
11015060932;26/7/2025 7:23;3/8/2025 22:42;Orthopedics;11;Δ29Μ;E06.2;Z58;21710.0
11015072377;28/7/2025 19:25;5/8/2025 15:12;Ophthalmology;2;Σ01Χ;K06.2;P00.7;29813.33
11015095147;20/10/2025 16:09;23/10/2025 21:20;Emergency;9;Θ24Χ;C15.2;K71.0;13380.0
11015056901;26/11/2025 9:58;7/12/2025 15:09;Gastroenterology;1;Ν30Μα;H69.8;S20.0;34080.0
11015079325;12/9/2025 14:39;16/9/2025 17:52;Pulmonology;9;Σ02Χβ;T91.3;F94.0;20560.0
11015010620;18/2/2026 16:57;19/2/2026 11:57;Neurology;9;Κ10Μ;J15.6;Z37.9;41660.0
11015042702;15/11/2025 4:18;18/11/2025 20:42;Gastroenterology;14;Ε01Α;T31.4;D64.1;289070.0
11015022662;10/10/2025 10:00;11/10/2025 5:55;Gastroenterology;9;Κ08Χ;D15.0;L40.8;55610.0
11015051176;10/5/2026 16:29;17/5/2026 20:51;Orthopedics;5;Β20Μ;J38;F44.7;15120.0
11015094460;21/10/2025 10:14;24/10/2025 21:54;Cardiology;15;Μ12Χ;L56.8;D28.1;16650.0
11015045638;28/12/2025 12:51;6/1/2026 22:27;Emergency;3;Χ43Α;S45.9;L41;25680.0
11015077238;16/6/2025 16:22;25/6/2025 19:17;Emergency;18;Ν29Μ;Q85;K06.9;20500.0
11015054306;3/8/2025 1:37;7/8/2025 16:20;Gynecology;9;Ν23Α;B48.4;B83.9;21090.0
11015043257;3/3/2026 22:55;9/3/2026 23:53;Orthopedics;18;Κ06Μ;O82;B21.3;71820.0
11015022804;7/5/2026 14:07;19/5/2026 1:03;Microbiology;1;Κ12Μ;Q33.1;B57.3;59618.18
11015038361;24/4/2026 0:03;27/4/2026 3:12;Gynecology;18;Δ12Χβ;K75.4;G72.9;17740.0
11015049607;13/3/2026 12:59;16/3/2026 3:47;Emergency;13;Ε08Μ;K35.0;L24.2;100170.0
11015076140;29/6/2025 23:37;2/7/2025 22:43;ICU;18;Η06Χ;K61;D48.2;15560.0
11015051791;9/7/2025 5:25;10/7/2025 10:49;ICU;3;Κ32Α;Q37.2;S05.6;20860.0
11015013752;20/8/2025 22:29;27/8/2025 11:31;Microbiology;4;Ν27Χ;L44.0;B67.1;11246.67
11015099571;12/6/2025 8:51;19/6/2025 17:43;Microbiology;2;Α33Μβ;F51.4;D58.9;16688.0
11015051050;15/2/2026 1:36;24/2/2026 2:49;Gynecology;1;Ο17Α;O08.8;I71;24230.0
11015070618;2/9/2025 18:18;17/9/2025 15:24;Internal Medicine;18;Μ77Μ;H34.8;G94*;26042.31
11015067383;10/3/2026 8:46;23/3/2026 7:44;ICU;12;Κ41Χ;N87.1;S32.3;25967.5
11015028185;14/8/2025 1:28;17/8/2025 19:50;Emergency;12;Α36Α;V53;H01.9;24120.0
11015071403;17/5/2025 3:19;22/5/2025 13:08;Urology;6;Α27Χ;M43.0;C24.0;10500.0
11015022261;19/6/2025 0:59;25/6/2025 17:50;Ophthalmology;5;Ο20Μ;N88.8;A49.0;18600.0
11015045022;30/8/2025 20:33;21/9/2025 18:05;ICU;13;Σ01Μ;C46.0;Y51.6;85580.0
11015081027;24/5/2025 7:55;3/6/2025 5:44;Surgery;13;Κ35Μ;Y53.8;J46;21457.14
11015018301;19/11/2025 22:01;22/11/2025 4:00;Neurology;20;Φ26Χ;M06.4;M43.1;12420.0
11015088663;17/9/2025 9:25;19/9/2025 9:04;Orthopedics;5;Α33Μα;S05.1;K29.5;20230.0
11015019202;5/3/2026 19:09;7/3/2026 18:42;Ophthalmology;13;Κ32Χ;S33.4;S01.0;10890.0
11015033650;16/2/2026 19:11;28/2/2026 14:49;Gastroenterology;6;Δ12Μ;D34;H21.0;48710.0
11015081367;21/6/2025 16:53;11/7/2025 10:14;Pediatrics;8;Χ46Α;C60.2;Q92.0;41710.0
11015001499;22/2/2026 4:11;8/3/2026 21:02;Neurology;13;Ν23Α;K61.4;N31.2;24334.62
11015053209;8/5/2026 14:44;9/5/2026 7:49;ICU;9;Τ05Α;I21;C50.1;103570.0
11015054137;12/10/2025 10:10;21/10/2025 20:41;Urology;9;Σ21Μ;S98.3;G63.3*;37820.0
11015054146;10/8/2025 20:12;16/8/2025 3:25;ICU;7;Ε09Β;V20;Q86.1;96690.0
11015018089;2/9/2025 11:00;4/9/2025 4:19;ICU;2;Κ37Χ;R82;E43;4590.0
11015061931;22/1/2026 7:04;23/1/2026 16:39;Neurology;15;Ο20Χ;L75;Q87.3;10350.0
11015013397;8/12/2025 0:50;10/12/2025 9:24;ICU;3;Δ09Α;C02.9;R56.0;10320.0
11015010425;13/9/2025 20:17;7/10/2025 10:43;ICU;6;Μ07Α;O34.0;T30.1;59828.57
99900000010;2/12/2025 7:32;4/12/2025 21:57;Urology;14;Γ20Χ;M83.4;L43;7550.0
11015007475;23/10/2025 23:53;7/11/2025 5:50;Pulmonology;15;Ν42Μα;C25;T38.3;58050.0
11015069737;19/8/2025 7:18;27/8/2025 21:20;Pediatrics;16;Μ75Μ;L59.9;R53;16368.75
11015027480;8/11/2025 19:48;11/11/2025 7:48;Orthopedics;5;Υ02Χ;S21.0;C21.1;17835.0
11015060157;21/1/2026 5:49;31/1/2026 22:42;Pediatrics;12;Ξ01Α;A78;S42.7;54622.86
11015027104;12/12/2025 3:41;19/12/2025 20:55;Urology;2;Υ09Χα;G90.9;L94;38380.0
11015017892;1/2/2026 16:46;3/2/2026 14:01;Ophthalmology;18;Ν25Α;S72.4;T05.1;4820.0
11015013681;4/2/2026 16:08;7/2/2026 9:50;Pulmonology;4;Ω20Α;Y48.5;D47.0;16710.0
11015084444;25/10/2025 10:18;28/10/2025 11:41;Emergency;7;Υ08Μ;C26.0;T10;12710.0
11015076630;26/6/2025 6:58;2/7/2025 15:07;Pulmonology;6;Η02Μα;A00;I13;51110.0
11015030706;8/12/2025 20:32;9/12/2025 19:35;Surgery;13;Δ24Μ;Q69.0;T18.5;16190.0
11015009142;13/4/2026 12:39;16/4/2026 18:29;Internal Medicine;18;Β05Α;L72.0;Z12.6;18320.0
11015094399;19/2/2026 9:52;22/2/2026 16:14;Surgery;9;Π43Α;F50.9;G50.8;6700.0
11015073241;16/9/2025 10:41;17/9/2025 14:08;Gastroenterology;20;Μ06Α;F98.1;Y40.2;199800.0
11015059971;30/12/2025 10:06;1/1/2026 4:11;Cardiology;12;Ο13Α;G96.9;Q38.3;6720.0
11015058534;12/1/2026 11:55;1/2/2026 12:35;Radiology;7;Μ73Μ;F80.9;K74.3;26238.33
11015055449;29/6/2025 12:33;2/7/2025 7:10;Microbiology;4;Ν36Μ;T91.1;H91.1;14860.0
11015016982;25/3/2026 11:33;26/3/2026 22:09;Radiology;20;Η23Χ;Q54.4;L27;7860.0
11015094111;9/8/2025 0:47;12/8/2025 5:23;Pulmonology;5;Μ19Χ;D59;N80.4;38080.0
11015092952;30/6/2025 4:39;6/7/2025 2:46;Ophthalmology;13;Ο23Α;P76.0;T32.9;12600.0
11015011889;4/11/2025 22:36;7/11/2025 11:59;ICU;7;Ν34Χ;C05;E76.3;10120.0
11015061325;28/5/2025 8:42;1/6/2025 13:26;Neurology;16;Υ25Χ;Y43.2;R56;10125.0
11015025874;12/5/2025 4:50;16/5/2025 21:22;Urology;11;Ν06Χ;O07;P23.1;24225.0
11015098947;5/11/2025 3:59;7/11/2025 10:45;Ophthalmology;15;Ν38Χ;P76.1;Z95.0;8790.0
11015044531;18/11/2025 8:33;27/11/2025 5:32;Pediatrics;19;Θ05Μ;S43.0;Z43.5;29103.75
11015055760;14/10/2025 23:35;19/10/2025 17:06;ICU;1;Ν27Μβ;I82.8;V09;13070.0
11015085309;17/12/2025 6:32;26/12/2025 22:35;Radiology;2;Κ12Μ;D29.0;Q22;54650.0
11015081517;11/1/2026 9:18;15/1/2026 8:56;Pulmonology;20;Υ27Χ;L70.0;J95.2;7160.0
11015065991;28/4/2026 1:45;2/5/2026 14:12;Surgery;16;Δ24Χ;T01.6;E05.9;10025.0
11015094530;23/6/2025 22:32;25/6/2025 7:07;Neurology;8;Ζ02Χ;V69.0;T53.6;29790.0
11015052246;3/7/2025 11:19;7/7/2025 17:32;Ophthalmology;4;Ν10Α;D80.4;L53.9;8150.0
11015094040;4/8/2025 3:37;6/8/2025 9:58;Microbiology;20;Ρ23Α;E23.7;Q60.6;6420.0
11015065642;31/12/2025 23:56;3/1/2026 10:57;Microbiology;8;Α34Μβ;T18.5;B74;13930.0
11015007778;20/6/2025 16:31;21/6/2025 12:51;Pulmonology;18;Υ03Χ;R63.2;N18.9;29920.0
11015063163;9/1/2026 9:50;13/1/2026 18:01;Microbiology;11;Θ20Χ;Q52.3;E83.4;12183.33
11015019113;2/6/2025 13:48;7/6/2025 11:30;Emergency;1;Α34Χ;N85.4;G82.5;10633.33
11015024189;11/4/2026 22:31;12/4/2026 12:18;Radiology;14;Μ68Α;K46.9;A69;1510.0
11015045683;13/3/2026 12:59;18/3/2026 9:27;Pediatrics;19;Φ64Μ;B97.6;C93.9;11590.0
11015026686;21/10/2025 8:09;25/10/2025 8:25;Pediatrics;12;Θ21Α;G71.8;K01.1;25990.0
11015039752;28/4/2026 1:00;14/5/2026 8:21;ICU;6;Μ07Α;L67;D26.0;52350.0
11015007769;1/4/2026 23:09;4/4/2026 2:55;Pediatrics;12;Μ19Μ;W25;I60.7;26480.0
11015073269;23/6/2025 22:51;27/6/2025 13:28;Orthopedics;2;Ω01Α;H50.1;J34.3;960000.0
11015047805;26/12/2025 16:24;1/1/2026 0:25;Gastroenterology;17;Α25Μ;S64.8;Q10.1;17660.0
11015076042;16/5/2025 1:10;26/5/2025 9:14;Internal Medicine;1;Ν01Μ;B67;Q38.4;39725.71
11015069577;16/8/2025 19:18;18/8/2025 4:45;Cardiology;2;Β22Α;Y59.3;S65.8;5450.0
11015078237;22/5/2025 12:09;25/5/2025 21:44;Surgery;9;Ζ03Α;M05.9;T78;23120.0
11015000070;19/4/2026 14:19;28/4/2026 18:39;Pediatrics;6;Τ21Α;S35.4;K74.6;415790.0
11015084033;10/3/2026 21:42;6/4/2026 18:11;Orthopedics;13;Μ01Μ;G55.8*;T46.1;151416.0
11015049055;7/8/2025 0:43;12/8/2025 8:31;Orthopedics;5;Κ43Χ;L22;S34.3;11910.0
11015098279;5/1/2026 11:47;8/1/2026 10:36;ICU;3;Χ47Α;A48.2;B86;12140.0
11015074838;1/1/2026 5:26;5/1/2026 8:33;Urology;1;Μ27Χ;O21.0;C49.6;22550.0
11015062164;13/1/2026 20:13;30/1/2026 6:40;Gynecology;13;Α02Μα;D28.2;T11.9;41671.25
11015088495;3/6/2025 5:04;10/6/2025 2:18;Cardiology;7;Κ10Μ;O66.9;R20;41660.0
11015078834;7/6/2025 1:48;16/6/2025 7:32;Microbiology;11;Ξ02Μ;D69.9;Z51.8;46550.0
11015007821;8/6/2025 4:12;10/6/2025 0:07;Radiology;1;Κ36Χ;X72;H20;3740.0
11015096351;14/4/2026 19:16;16/4/2026 11:12;Urology;8;Η41Μ;O07.5;R27.0;19300.0
11015041213;12/4/2026 1:04;17/4/2026 11:30;Emergency;11;Η08Χ;Q79.5;B71;38190.0
11015067150;21/2/2026 19:07;26/2/2026 8:21;Gastroenterology;1;Ο05Α;F33.2;J38.5;44800.0
11015035603;30/7/2025 13:54;8/8/2025 15:01;Orthopedics;12;Κ42Μ;T87;K56.7;20540.0
99900000011;17/8/2025 11:57;20/8/2025 4:50;Radiology;8;W10Α;A50.7;K03.4;20140.0
11015032697;3/6/2025 5:25;5/6/2025 15:30;Cardiology;15;Θ04Χ;R03.1;D48.6;42720.0
11015098885;9/4/2026 7:07;13/4/2026 18:57;Gastroenterology;2;Μ16Α;N48.2;I77.2;39700.0
11015068890;29/5/2025 7:37;7/6/2025 8:09;Surgery;5;Δ25Μ;Q15.8;Y46;18416.67
11015027827;1/6/2025 18:16;23/6/2025 2:35;Surgery;17;Τ25Μβ;C78;Y83.4;45595.0
11015088002;20/7/2025 19:00;3/8/2025 22:32;Pediatrics;13;Α36Α;Z97.1;C31.3;25842.86
11015057394;23/2/2026 18:26;27/2/2026 19:11;ICU;1;Μ71Χ;H62*;Q52.7;10125.0
11015083515;3/3/2026 17:31;4/3/2026 14:36;Neurology;11;Ω37Α;K62.1;J15.2;2540.0
11015023359;19/1/2026 2:58;20/1/2026 12:18;Gynecology;12;Ν37Α;K12;B38.1;3350.0
11015097813;22/1/2026 19:45;1/2/2026 18:11;Ophthalmology;14;Μ71Μ;Q28.0;S63.7;18900.0
11015040777;1/2/2026 15:58;14/2/2026 14:20;Pulmonology;4;Φ27Μ;F68.1;A06.1;36310.0
11015038682;11/12/2025 21:51;12/12/2025 11:30;Gynecology;19;Κ21Χ;A52.3;Z86.6;14940.0
11015077256;27/6/2025 2:06;28/6/2025 3:29;Internal Medicine;16;Λ03Χ;O75.8;A24.2;8860.0
11015034383;25/11/2025 4:57;4/12/2025 0:00;Ophthalmology;19;Π04Μβ;J62;Z04;27100.0
11015054565;20/7/2025 23:18;21/7/2025 11:58;Microbiology;2;Κ46Χ;G71.2;C82.2;4440.0
11015018631;2/3/2026 10:26;7/3/2026 0:51;Pulmonology;13;G01Μα;H95.1;P95;57090.0
11015022412;25/12/2025 2:27;28/12/2025 14:53;Emergency;20;Λ24Α;C09.8;T02.3;5760.0
11015011978;24/3/2026 11:48;6/4/2026 2:24;Surgery;18;Μ12Μβ;C41;P74.2;29930.0
11015000150;24/1/2026 12:39;11/2/2026 7:18;Radiology;5;Τ02Α;D89.1;X77;202790.0
11015058160;29/3/2026 22:14;2/4/2026 10:53;ICU;4;Ε08Χ;C67.3;G70.1;36830.0
11015025455;12/8/2025 17:58;17/8/2025 21:04;Radiology;11;Κ09Χ;Q42.3;Z24;47720.0
11015084462;5/10/2025 18:55;7/10/2025 14:14;Emergency;17;Υ06Χ;C93.7;M16.1;8080.0
11015077602;2/12/2025 15:30;5/12/2025 21:52;Pulmonology;16;Π26Χ;A19.2;T68;12450.0
11015092569;12/8/2025 13:59;19/8/2025 10:16;Cardiology;17;Δ23Μ;S09.7;S88.1;13510.0
11015070976;28/12/2025 12:39;1/1/2026 14:24;Gastroenterology;2;Ω03Α;S66.5;J05.1;32025.0
11015002201;3/8/2025 19:18;14/8/2025 1:41;Pulmonology;20;Θ20Μ;Q31.0;E20.9;23856.25
11015061940;23/9/2025 11:23;30/9/2025 5:20;Orthopedics;6;Ε11Χ;Q04.9;T49.6;61856.67
11015082400;9/6/2025 4:51;12/6/2025 6:14;Pediatrics;19;Β05Α;V95.2;X91;18320.0
11015020824;23/6/2025 10:41;24/6/2025 15:33;Internal Medicine;15;Α32Α;H62.2*;Z28.2;8460.0
99900000005;25/11/2025 20:27;30/11/2025 5:07;Pediatrics;9;Χ44Α;A81.0;P71.2;11520.0
11015012922;17/10/2025 4:49;20/10/2025 18:01;ICU;16;Ν27Μβ;D38.5;Z46.5;13070.0
11015069194;17/5/2025 13:20;20/5/2025 14:49;Microbiology;6;Β02Μ;T84.9;S52;17190.0
11015073492;20/1/2026 22:13;7/2/2026 10:53;Neurology;6;Χ43Α;H62.1*;Q10.0;33017.14
11015001845;22/11/2025 16:32;29/11/2025 16:12;Gastroenterology;5;Κ03Χ;K52.1;N40;117340.0
11015041687;29/11/2025 19:21;5/12/2025 5:06;Pulmonology;10;Υ22Χ;Z01.0;P23.9;16350.0
11015038842;17/4/2026 11:50;22/4/2026 17:26;Urology;15;Ω36Μ;V95.0;Z03.1;14355.0
11015093906;2/7/2025 21:19;9/7/2025 8:23;Internal Medicine;4;Φ25Μ;T15.8;E01;21980.0
11015091445;29/8/2025 18:05;3/9/2025 0:33;Pulmonology;9;Μ61Χ;Y22;C67.4;10700.0
11015052629;1/6/2025 15:41;10/6/2025 12:26;Gynecology;14;Κ12Μ;Q45.2;A52.1;54650.0
11015091631;2/5/2026 18:32;5/5/2026 23:33;Orthopedics;20;Β03Α;P25;N83.2;15420.0
11015004548;27/10/2025 23:16;31/10/2025 2:31;Internal Medicine;13;Ο17Α;C50.0;W87;24230.0
11015023331;25/9/2025 16:56;30/9/2025 4:18;ICU;19;Μ16Α;T56.0;K44.9;39700.0
11015053682;15/3/2026 9:24;18/3/2026 6:41;Urology;6;Π44Μ;V90;A05.4;10970.0
11015088716;14/3/2026 16:26;15/3/2026 18:09;Ophthalmology;7;Τ25Μβ;M10;R29.2;41450.0
11015063706;8/11/2025 8:34;19/11/2025 12:10;Gynecology;15;Ν24Μ;E61.4;Z85.9;23890.0
11015083089;28/12/2025 6:17;30/12/2025 23:25;Gastroenterology;7;Ν28Μ;Z30.4;R20.0;19070.0
11015068836;30/11/2025 15:52;5/12/2025 9:27;Radiology;13;Δ27Χ;H50.3;E20;9950.0
11015017650;22/7/2025 9:01;28/7/2025 2:57;Ophthalmology;9;Ξ02Χ;N90.8;B23;23430.0
11015055323;27/7/2025 22:23;1/8/2025 13:12;Microbiology;19;Ω35Α;C45;S01.1;13250.0
11015083463;9/7/2025 10:32;11/7/2025 14:31;Pediatrics;10;S21Χ;T44.7;O89.5;6960.0
11015040526;12/11/2025 0:25;12/11/2025 14:50;Pulmonology;6;Β02Χ;B67.0;D28;10070.0
11015009990;8/8/2025 10:49;18/8/2025 16:45;Surgery;9;Ξ20Μ;V38;M12.1;30564.29
11015023215;17/3/2026 16:00;23/3/2026 12:27;Orthopedics;3;Μ69Μ;M23.1;S15.2;15330.0
11015004129;11/2/2026 17:48;18/2/2026 12:36;Microbiology;6;Α26Χ;C16.1;T21.7;14163.33
11015013903;2/8/2025 6:44;10/8/2025 23:19;Surgery;20;Π07Μ;N92.3;L30.9;27900.0
11015010149;1/11/2025 19:53;7/11/2025 0:29;Microbiology;8;Ν30Α;A32.9;M09*;12600.0
11015085979;8/12/2025 9:36;11/12/2025 9:40;ICU;20;Σ21Χ;H54.2;S42.8;18860.0
11015076453;21/11/2025 2:24;25/11/2025 15:27;Ophthalmology;6;Ν02Χ;T93.4;H42.8*;38360.0
11015044498;10/6/2025 8:41;15/6/2025 13:02;Cardiology;19;Ο14Α;K31.9;F07;12180.0
99900000006;18/9/2025 5:22;22/9/2025 1:14;Emergency;20;Π45Μ;S94.0;Z04.5;13380.0
11015046922;2/10/2025 2:49;3/10/2025 9:07;Cardiology;15;S21Χ;H02.2;S05.7;4640.0
11015092113;14/12/2025 6:15;25/12/2025 1:29;Urology;9;Κ22Α;I05;Z89.5;77530.0
11015021477;26/10/2025 3:59;6/11/2025 10:22;Emergency;11;Μ75Μ;M01.5*;D26.9;21825.0
11015026203;24/10/2025 12:21;30/10/2025 22:21;Gynecology;3;Ζ03Α;O71.3;H90.6;32368.0
99900000007;22/2/2026 18:16;26/2/2026 23:12;Gynecology;13;Η42Χ;O62.9;T38.8;11800.0
11015035596;30/4/2026 21:56;1/5/2026 22:45;Neurology;6;Κ15Χ;L68;C44.7;20130.0
11015041516;8/7/2025 7:38;23/7/2025 6:30;ICU;6;Ε04Α;S22.8;Y61.5;300150.0
11015059383;9/3/2026 3:16;19/3/2026 1:00;Gynecology;18;Ε11Χ;N30.8;S33.2;88366.67
11015014902;12/12/2025 9:58;13/12/2025 19:49;Emergency;10;Κ32Χ;K43.9;L27.1;10890.0
11015063680;31/12/2025 22:51;3/1/2026 18:50;ICU;1;Σ21Α;T83.3;H21.1;8820.0
11015038799;4/3/2026 8:06;16/3/2026 16:22;Microbiology;19;Ν20Χ;J62.8;S13.0;33488.0
11015071760;12/6/2025 0:08;15/6/2025 20:08;Pulmonology;9;Ο10Α;K40.1;D55;26000.0
99900000008;30/5/2025 20:52;7/6/2025 16:31;Orthopedics;4;Ν01Μ;C47.6;Z88.6;28891.43
11015040447;28/7/2025 1:28;10/8/2025 13:22;ICU;9;Χ42Μ;T28.0;S38.1;32680.0
11015061735;14/1/2026 1:11;16/1/2026 4:01;Radiology;19;Μ68Α;S79.7;V87;4530.0
11015052184;14/8/2025 3:30;15/8/2025 23:12;Cardiology;16;S01Α;D01.0;P59.9;10800.0
11015083249;14/12/2025 4:59;29/12/2025 16:20;ICU;14;Α01Μ;Q80.1;I21.9;50144.0
11015041455;5/4/2026 20:12;15/4/2026 15:48;Neurology;7;Α35Μα;Q81.8;M21.6;19450.0
11015092792;8/4/2026 8:34;17/4/2026 2:15;Microbiology;10;Υ20Μβ;D89.9;T59.4;19500.0
11015068319;26/9/2025 14:42;3/10/2025 1:10;Surgery;2;Η42Χ;Q18.8;B53;16520.0
11015005155;4/4/2026 23:04;18/4/2026 12:01;Gastroenterology;9;Κ41Μ;A07;L41.5;48010.0
11015013119;22/10/2025 5:34;25/10/2025 11:46;Internal Medicine;13;Δ22Χ;P61.2;F42.0;13760.0
11015072322;5/6/2025 7:03;10/6/2025 4:26;Neurology;1;Σ04Χ;C76.3;B00;24150.0
11015051880;23/5/2025 0:45;2/6/2025 14:32;Orthopedics;18;Κ01Μ;E72.3;H83.2;162150.0
11015008928;16/3/2026 8:09;24/3/2026 5:03;Gynecology;3;Τ27Μβ;A41.9;S66.5;14788.57
11015085158;12/2/2026 5:19;16/2/2026 7:15;Gastroenterology;7;Κ20Α;I97.1;Q23;38000.0
11015020628;25/12/2025 9:48;14/1/2026 22:24;Surgery;13;Η01Μ;T79.1;B95.6;87492.63
99900000009;29/1/2026 6:51;31/1/2026 15:28;Urology;10;Ο61Χ;W89;Q06.0;7230.0
11015014813;9/8/2025 22:20;19/8/2025 15:10;Radiology;1;Φ01Α;G82.2;A32.0;122040.0
11015045326;19/10/2025 21:07;21/10/2025 17:50;Surgery;7;Κ12Μ;I08;T82.7;54650.0
11015077648;3/7/2025 5:59;2/8/2025 12:45;Internal Medicine;19;Τ03Α;O75.3;O26.8;168460.0
11015089993;23/8/2025 1:13;24/8/2025 0:52;Pulmonology;5;Ν20Χ;P38;H51.9;25760.0
11015042819;13/6/2025 9:56;19/6/2025 6:26;Radiology;15;Κ10Μ;O68.0;S41.7;41660.0
11015045479;31/1/2026 8:15;3/2/2026 6:51;Gastroenterology;10;Σ21Α;H60;J67.4;8820.0
11015070057;25/7/2025 2:28;28/7/2025 21:34;Microbiology;9;Β01Μ;Y88.3;P24.3;35530.0
11015030387;10/5/2026 7:12;14/5/2026 1:12;Pulmonology;9;Υ24Α;S44.8;S89;7780.0
11015045415;23/7/2025 9:26;24/7/2025 4:23;Radiology;2;Ζ02Χ;N39.0;C05.8;29790.0
11015006181;4/6/2025 9:58;5/6/2025 23:31;Pulmonology;3;Τ23Α;Z80.1;K86.8;73590.0
11015053389;30/4/2026 5:10;6/5/2026 21:14;Microbiology;16;Α24Χ;T20;M62;16607.5
11015060932;29/1/2026 7:58;31/1/2026 10:52;Ophthalmology;14;Α02Χ;I70.9;H65.9;20490.0
11015072377;25/2/2026 23:12;27/2/2026 7:01;Radiology;15;Α26Χ;D73.5;D30.3;6070.0
11015095147;1/4/2026 14:27;4/4/2026 10:51;Radiology;15;Ο10Α;M67.2;R29.6;19500.0
11015056901;7/8/2025 16:07;27/8/2025 19:21;Ophthalmology;7;G01Μα;T26.5;S11.8;57090.0
11015079325;13/9/2025 14:36;16/9/2025 19:21;Emergency;10;Μ72Μ;X36;P96;16810.0
11015010620;22/4/2026 21:14;29/4/2026 7:16;Pulmonology;17;Α21Χ;A20.9;N76.4;12075.0
11015042702;29/10/2025 2:24;30/10/2025 1:40;Ophthalmology;9;Γ06Χ;B22.1;Q25.5;12640.0
11015022662;18/9/2025 0:56;19/9/2025 11:53;Microbiology;17;Α01Μ;S40.0;T38.7;47010.0
11015051176;14/11/2025 4:09;24/11/2025 12:04;Cardiology;8;Μ03Μ;S44.3;R06.5;63070.0
11015094460;15/3/2026 11:26;19/3/2026 11:46;Emergency;11;Σ20Χ;L85.9;O45.9;16466.67
11015045638;4/10/2025 2:54;7/10/2025 11:44;Microbiology;15;Φ25Χ;Y07.2;Y56.0;28000.0
11015077238;6/9/2025 4:47;13/9/2025 14:20;Cardiology;3;Κ47Α;M66.5;Z04.6;32306.67
11015054306;14/9/2025 11:47;28/9/2025 3:58;Gastroenterology;15;Α20Χ;M86.6;E75.3;36932.0
11015043257;22/7/2025 23:29;26/7/2025 20:01;Ophthalmology;19;Β02Χ;B88.8;P12.2;13426.67
11015022804;22/5/2025 4:31;24/5/2025 11:09;Pediatrics;15;Υ24Α;H16.8;Z72;5835.0
11015038361;11/11/2025 1:12;19/11/2025 21:35;ICU;13;Μ63Μ;R41;K75.0;15402.86
11015049607;7/4/2026 10:46;12/4/2026 10:01;Ophthalmology;14;Ν06Μ;Z91.8;P91.6;32970.0
11015076140;31/10/2025 1:54;2/11/2025 23:51;Surgery;4;Υ20Α;Y44.7;E74.4;11505.0
11015051791;14/4/2026 4:17;15/4/2026 12:04;Neurology;18;Ν31Μ;T29.4;K61.1;15100.0
11015013752;18/4/2026 12:09;19/4/2026 2:53;Radiology;4;Ο03Α;Z09.3;L03.2;8370.0
11015099571;13/12/2025 21:53;19/12/2025 16:57;Surgery;2;Λ04Χ;I83.1;T91.0;17130.0
11015051050;17/6/2025 20:22;26/6/2025 6:58;Emergency;15;Η02Χ;N13.0;Z75;31185.0
11015070618;4/8/2025 17:31;11/8/2025 20:12;Internal Medicine;11;Κ47Α;B39.9;W64;32306.67
11015067383;25/10/2025 17:43;30/10/2025 22:35;Urology;18;Μ79Χ;N80.9;T75.3;13700.0
11015028185;17/9/2025 17:22;20/9/2025 21:50;Cardiology;15;Υ20Μα;O20;D43.3;29340.0
11015071403;24/4/2026 0:19;28/4/2026 19:34;Gynecology;1;Μ12Μα;T19.3;J17*;54780.0
11015022261;22/7/2025 1:43;25/7/2025 22:48;Pediatrics;14;Α20Χ;O83;Q17.8;26380.0
11015045022;15/6/2025 16:44;23/6/2025 1:31;Microbiology;7;Μ32Χ;A85.8;K90.4;91470.0
11015081027;10/12/2025 10:54;17/12/2025 0:41;Ophthalmology;20;Π42Α;B81.4;H93.3;15358.0
11015018301;16/10/2025 20:27;20/10/2025 23:36;Surgery;20;Κ18Χ;Q52.5;L21;28650.0
11015088663;23/3/2026 4:03;27/3/2026 17:28;Neurology;15;Δ08Μ;Q98.6;S85.7;22940.0
11015019202;11/8/2025 10:45;17/8/2025 4:47;Microbiology;11;Ν36Χ;R19.4;G98;14460.0
11015033650;10/2/2026 9:46;1/3/2026 17:21;Pulmonology;3;Φ04Μ;D44.0;V09.2;87980.0
11015081367;2/5/2026 14:24;6/5/2026 3:35;Radiology;3;Υ22Χ;F02*;D05.9;10900.0
11015001499;21/11/2025 8:17;25/11/2025 5:01;Internal Medicine;13;Φ62Χ;P95;Z82.0;7480.0
11015053209;31/7/2025 5:53;6/8/2025 19:54;Emergency;6;Ρ20Α;B90.1;T26.0;60230.0
11015054137;12/6/2025 17:26;18/6/2025 13:16;Ophthalmology;13;Τ25Μγ;D84;T45.8;31580.0
11015054146;16/12/2025 1:11;21/12/2025 8:31;Urology;2;Α20Χ;R89;S08;26380.0
11015018089;16/1/2026 18:03;25/1/2026 23:13;Cardiology;7;Θ04Μ;B26;B22.2;54725.0
11015061931;9/1/2026 8:06;9/1/2026 23:23;Emergency;16;Α22Μβ;B50.0;L56.0;11440.0
11015013397;28/1/2026 15:27;31/1/2026 18:08;Gynecology;14;Η01Μ;O31.1;Q28.0;79160.0
11015010425;1/5/2026 11:49;2/5/2026 11:25;Emergency;17;Σ04Μ;Y57.4;B48.2;16940.0
99900000010;19/6/2025 13:23;21/6/2025 7:12;Ophthalmology;20;Κ11Μ;Y21;J84.0;72920.0
11015007475;1/3/2026 23:46;6/3/2026 8:10;Pulmonology;13;Δ11Α;T46.0;Y62.0;20200.0
11015069737;22/2/2026 19:38;5/3/2026 12:30;Microbiology;20;Η23Μ;O96;B44;25520.0
11015027480;25/6/2025 1:01;1/7/2025 22:39;Internal Medicine;13;Α33Μα;Q52.8;L66.3;20230.0
11015060157;16/2/2026 22:42;17/2/2026 23:37;Gynecology;19;Φ26Χ;S84.9;P91;8280.0
11015027104;20/12/2025 2:58;24/12/2025 7:28;Urology;13;Ν04Χ;M62.2;A56.0;30875.0
11015017892;5/12/2025 19:35;12/12/2025 5:37;ICU;16;Α25Μ;M00.2;I21.4;17660.0
11015013681;4/3/2026 21:06;6/3/2026 20:26;Gastroenterology;19;Κ17Μ;C57.1;E87.5;28920.0
11015084444;12/3/2026 7:38;16/3/2026 1:44;ICU;20;Α24Χ;L81.2;F31.2;9490.0
11015076630;25/11/2025 17:32;28/11/2025 0:35;Gastroenterology;9;Ω01Α;Q51.0;O71.5;720000.0
11015030706;19/10/2025 18:57;28/10/2025 14:29;Ophthalmology;19;Ε08Χ;T50.9;D29.0;36830.0
11015009142;3/4/2026 1:25;9/4/2026 14:13;Pulmonology;9;Μ12Χ;P14.8;V90;19425.0
11015094399;9/10/2025 15:00;10/10/2025 18:46;Pediatrics;4;Δ08Μ;Q31.9;R30.1;22940.0
11015073241;24/3/2026 19:36;28/3/2026 3:02;Pediatrics;15;Κ45Μβ;Q52.7;Y63.2;10190.0
11015059971;15/1/2026 10:06;19/1/2026 8:43;Microbiology;14;Α27Χ;E84;Q80.1;7000.0
11015058534;23/7/2025 11:39;26/7/2025 18:04;Surgery;16;Κ45Χ;T79.6;C07;10420.0
11015055449;13/9/2025 12:31;17/9/2025 21:01;Neurology;1;Β04Α;I80.9;Z00.6;32600.0
11015016982;19/9/2025 10:31;24/9/2025 21:05;Orthopedics;9;Π40Χ;D35.0;O46.9;10155.0
11015094111;5/3/2026 12:04;8/3/2026 8:46;Surgery;19;Ω02Μα;E28;H47.4;54200.0
11015092952;3/6/2025 6:41;4/6/2025 9:04;Pulmonology;18;Δ22Μ;S58.1;Q23.0;9650.0
11015011889;23/12/2025 4:50;28/12/2025 12:28;Cardiology;10;Δ13Χ;I45.8;S96.0;13725.0
11015061325;26/6/2025 2:26;27/6/2025 8:34;Radiology;19;Μ01Μ;Z02.5;L51.1;140200.0
11015025874;21/2/2026 18:47;5/3/2026 2:53;ICU;19;Κ22Α;H72.1;X08;77530.0
11015098947;10/12/2025 16:36;22/12/2025 0:06;Gastroenterology;7;Π03Χα;D57.0;T19;42390.0
11015044531;22/7/2025 10:18;31/7/2025 6:34;Orthopedics;1;Μ28Μ;Q65.3;N29*;26390.0
11015055760;30/3/2026 2:24;1/4/2026 17:39;Gynecology;17;Β21Α;O34.2;A39.9;6885.0
11015085309;17/11/2025 20:45;28/11/2025 23:29;Emergency;2;Κ33Α;R60;S82.4;31320.0
11015081517;24/4/2026 18:27;29/4/2026 14:56;Cardiology;10;Μ77Χ;E26.8;O04;10580.0
11015065991;28/4/2026 20:32;3/5/2026 23:51;Radiology;9;Η06Χ;J85.3;L94.2;18672.0
11015094530;30/1/2026 23:37;26/2/2026 8:59;Microbiology;19;Τ25Μα;C38;T39.1;66060.0
11015052246;2/7/2025 17:48;4/7/2025 23:30;Pulmonology;8;Γ07Α;W13;Y83.5;22260.0
11015094040;16/1/2026 4:51;22/1/2026 22:48;Cardiology;9;Λ02Χ;S62;K75.1;27416.67
11015065642;27/3/2026 6:40;6/4/2026 6:49;Internal Medicine;16;Θ22Μ;T25.5;L50.4;21890.0
11015007778;11/1/2026 0:12;15/1/2026 17:14;Microbiology;16;Π01Μ;K63.2;P91.5;64890.0
11015063163;5/2/2026 0:03;6/2/2026 10:31;ICU;11;Κ42Μ;Q36.0;H74.8;20540.0
11015019113;4/12/2025 22:10;6/12/2025 1:53;Microbiology;20;Υ04Χβ;M67.0;S51.7;16050.0
11015024189;11/2/2026 22:29;12/2/2026 14:12;Neurology;10;Ζ03Α;F31.9;B15;23120.0
11015045683;20/1/2026 16:03;21/1/2026 16:31;Cardiology;1;Θ04Χ;T34.2;K91.1;28480.0
11015026686;14/1/2026 19:38;23/1/2026 20:32;Urology;7;Φ26Μ;E83.1;S36.3;27333.33
11015039752;9/12/2025 18:21;11/12/2025 15:40;Cardiology;17;Ν21Μ;O00;T56.9;49600.0
11015007769;26/1/2026 7:18;3/2/2026 14:51;Internal Medicine;6;Χ41Α;T86.2;J95.4;30660.0
11015073269;30/7/2025 13:17;8/8/2025 22:12;Pulmonology;5;Μ09Χ;D73.0;O34.1;139757.14
11015047805;4/7/2025 11:26;5/7/2025 4:11;Microbiology;18;Υ03Χ;Q86.1;Q80.9;29920.0
11015076042;14/10/2025 16:03;18/10/2025 20:01;Internal Medicine;14;Δ07Α;A99;B35;30250.0
11015069577;14/4/2026 15:14;17/4/2026 12:44;Internal Medicine;1;Π47Μ;Q83.3;C81.1;11210.0
11015078237;25/9/2025 7:11;26/9/2025 10:47;Gynecology;4;Θ24Χ;I85.9;L53.1;6690.0
11015000070;5/5/2026 5:52;17/5/2026 22:30;Urology;5;Π26Μ;F41.9;P61.4;33380.0
11015084033;29/11/2025 16:25;3/12/2025 15:27;Internal Medicine;16;Μ21Α;B83.9;D13.2;21040.0
11015049055;30/8/2025 19:41;8/9/2025 15:45;Gastroenterology;19;Σ01Χ;V19;P70.3;33540.0
11015098279;2/9/2025 1:40;8/9/2025 1:59;Gynecology;18;Α32Α;O28.8;D53.1;14805.0
11015074838;13/7/2025 11:55;22/7/2025 10:23;Gastroenterology;13;Π12Μβ;T69.0;A18.2;24840.0
11015062164;25/1/2026 16:20;2/2/2026 8:56;Gynecology;16;Κ41Μ;D38.0;V97.0;48010.0
11015088495;6/1/2026 22:06;8/1/2026 13:47;Emergency;18;Μ25Χ;G40.9;O98.2;12600.0
11015078834;1/12/2025 12:36;11/12/2025 9:47;Internal Medicine;8;Μ04Μ;K74.2;D11.0;78244.44
11015007821;31/5/2025 10:14;5/6/2025 8:44;Pulmonology;4;Φ24Χ;J21;D21.1;23350.0
11015096351;30/12/2025 11:58;8/1/2026 10:02;Radiology;3;Υ07Μ;S65.4;T13.2;21924.0
11015041213;9/11/2025 11:02;12/11/2025 5:30;Neurology;8;Ν37Α;I09.9;Y83.6;5025.0
11015067150;5/1/2026 21:28;8/1/2026 1:39;Internal Medicine;1;Π27Α;G63.2*;Y49.5;7950.0
11015035603;4/8/2025 18:50;15/8/2025 18:23;Cardiology;4;Κ09Μα;T40.6;P56;70543.0
99900000011;23/3/2026 0:09;27/3/2026 18:24;Gynecology;20;Δ01Χ;T14.9;Z71.9;64520.0
11015032697;4/9/2025 23:37;9/9/2025 16:08;Microbiology;13;Φ64Χ;C38.3;S36.4;15150.0
11015098885;28/1/2026 21:51;9/2/2026 3:23;Microbiology;17;Π04Μβ;O72.0;M54.4;36133.33
11015068890;6/1/2026 7:46;10/1/2026 11:17;Pediatrics;2;S21Μ;J68.8;O43;8870.0
11015027827;22/7/2025 1:46;26/7/2025 16:53;Pulmonology;10;Ν68Χ;A36.3;X29;14125.0
11015088002;4/6/2025 8:15;20/6/2025 7:29;Ophthalmology;14;Η02Μα;Q27.0;L94.6;51110.0
11015057394;30/3/2026 7:25;1/4/2026 12:15;ICU;7;Ν06Μ;O61.8;K71.8;32970.0
11015083515;20/8/2025 15:38;9/9/2025 13:21;Radiology;2;Κ05Μ;L28.1;N73.9;111366.67
11015023359;8/3/2026 22:01;14/3/2026 17:20;Pulmonology;14;Φ11Χ;T29.7;D46.1;18830.0
11015097813;30/12/2025 4:52;11/1/2026 16:28;Radiology;8;Μ31Χ;Z83;P02.0;100844.55
11015040777;8/8/2025 9:51;13/8/2025 5:32;Cardiology;7;Χ48Α;D84.9;M20.0;32610.0
11015038682;31/10/2025 6:39;19/11/2025 3:15;Cardiology;8;Η02Μα;Z98.1;X13;57122.94
11015077256;19/6/2025 5:28;24/6/2025 23:34;Emergency;13;Ν41Μ;P02.2;A68.0;18370.0
11015034383;13/12/2025 23:12;14/12/2025 13:10;ICU;5;Κ15Μ;M75.2;O08;27280.0
11015054565;18/2/2026 5:10;23/2/2026 16:41;Ophthalmology;18;Β03Α;M75.9;O46;23130.0
11015018631;11/1/2026 13:09;13/1/2026 2:21;Orthopedics;15;Η43Μ;B95;H06*;18130.0
11015022412;19/11/2025 8:08;23/11/2025 12:16;Neurology;20;Ο20Μ;P15;K63.2;18600.0
11015011978;16/9/2025 22:37;22/9/2025 16:02;ICU;9;Α30Χ;H18.9;Q56.2;18210.0
11015000150;3/7/2025 22:38;8/7/2025 17:18;ICU;8;Κ20Α;H21.2;S55.7;38000.0
11015058160;5/11/2025 3:29;9/11/2025 22:42;Urology;1;Η41Χ;I41.0*;Q66.2;10900.0
11015025455;12/10/2025 9:23;17/10/2025 15:07;Cardiology;1;Η05Χ;Q38.3;G46.2*;20895.0
11015084462;17/6/2025 1:20;6/7/2025 3:59;Pediatrics;7;Ζ01Α;V81.6;Z37.2;360680.0
11015077602;19/6/2025 6:35;21/6/2025 16:19;Neurology;12;Φ63Χ;Z30.1;O99.0;5060.0
11015092569;9/9/2025 17:56;12/9/2025 1:19;Cardiology;6;Κ46Χ;Q93.4;M63.8*;6660.0
11015070976;12/2/2026 7:45;17/2/2026 20:48;ICU;4;Ω04Μ;L41.1;Z20.0;46875.0
11015002201;2/1/2026 0:56;8/1/2026 22:25;Gynecology;17;Φ64Μ;I60.7;T47.4;16226.0
11015061940;4/2/2026 17:42;11/2/2026 4:11;Gynecology;7;Κ31Χ;Z52.9;Z59.4;20702.5
11015082400;25/8/2025 10:45;4/9/2025 19:38;Neurology;17;Υ06Μ;O88.3;V83;29101.11
11015020824;15/10/2025 4:18;17/10/2025 4:25;Radiology;14;Ν24Μ;N43.1;O15.2;23890.0
99900000005;22/2/2026 12:08;25/2/2026 17:23;Urology;2;Κ36Χ;N60;S00.9;7480.0
11015012922;13/3/2026 9:34;14/3/2026 6:33;Ophthalmology;4;Σ20Χ;A41.4;P74.8;9880.0
11015069194;16/11/2025 10:40;25/11/2025 11:05;ICU;11;Δ13Μ;G03;K22.7;28560.0
11015073492;9/3/2026 11:26;13/3/2026 6:54;Urology;15;Π03Χβ;V84.2;M67.8;18130.0
11015001845;9/9/2025 13:23;30/9/2025 22:03;Emergency;9;Χ46Α;W43;Y35.5;45881.0
11015041687;4/2/2026 2:53;7/2/2026 22:53;Gynecology;19;Ρ20Χ;M87.2;Z30.3;12610.0
11015038842;8/7/2025 5:55;9/7/2025 20:36;Surgery;2;Μ12Χ;Q43.7;P02.1;16650.0
11015093906;5/4/2026 19:15;7/4/2026 5:33;Neurology;18;Θ20Χ;M75.4;S90.9;7310.0
11015091445;28/6/2025 18:25;3/7/2025 10:56;Internal Medicine;7;Α29Χ;L28.2;S39.9;9925.0
11015052629;3/5/2026 23:03;13/5/2026 10:11;Ophthalmology;15;Ω02Μα;J20.2;P35.1;54200.0
11015091631;27/3/2026 23:17;29/3/2026 20:02;Neurology;13;Κ09Μα;A05;H28*;64130.0
11015004548;29/12/2025 23:42;31/12/2025 0:49;Gastroenterology;5;Τ27Χ;T98;D04.6;4280.0
11015023331;8/9/2025 7:28;12/9/2025 15:59;Ophthalmology;5;Μ17Χ;G97.0;J63.1;44100.0
11015053682;30/12/2025 2:18;31/12/2025 1:39;Urology;5;Δ27Μ;O01.0;Y42.4;7080.0
11015088716;14/6/2025 18:29;28/6/2025 0:13;Internal Medicine;14;Μ67Μ;Y84.4;M19.0;28326.67
11015063706;7/8/2025 18:49;15/8/2025 16:47;Pulmonology;11;Ρ10Χ;T66;O64.0;16834.29
11015083089;12/8/2025 3:08;13/8/2025 1:52;Emergency;10;Ν31Χ;L10;B37.9;2800.0
11015068836;17/1/2026 13:22;19/1/2026 4:52;Cardiology;2;Ε08Χ;C72;C16.3;36830.0
11015017650;8/11/2025 14:15;15/11/2025 12:10;Emergency;13;Π45Χ;S37.6;C25.7;14536.67
11015055323;20/12/2025 1:44;31/12/2025 14:43;Gynecology;3;Τ24Α;B52.0;C44.2;58180.0
11015083463;13/2/2026 5:43;19/2/2026 20:30;ICU;9;Α20Μ;M30.0;A95.0;36960.0
11015040526;17/11/2025 11:50;27/11/2025 8:10;Pulmonology;6;Δ14Α;Z26.9;O80;52475.0
11015009990;23/2/2026 19:08;2/3/2026 10:54;Microbiology;16;Γ11Α;I45;Q22.8;17010.0
11015023215;15/10/2025 14:46;26/10/2025 11:14;Surgery;17;Φ40Α;M03.1*;C49.9;57341.43
11015004129;15/5/2025 13:25;22/5/2025 11:07;Microbiology;15;Π10Μ;X68;S94.9;23758.0
11015013903;24/11/2025 6:40;28/11/2025 17:29;Radiology;19;Φ40Α;Z55.0;I34.0;36490.0
11015010149;21/10/2025 20:37;23/10/2025 1:39;Gynecology;9;Α33Μβ;V95.8;P13.4;10430.0
11015085979;18/3/2026 23:40;23/3/2026 18:15;Pulmonology;5;Θ22Χ;M60.2;Z00.1;12050.0
11015076453;26/2/2026 4:35;2/3/2026 21:05;Ophthalmology;1;S25Α;A84;P57.9;13525.0
11015044498;3/10/2025 10:39;10/10/2025 12:28;ICU;9;Τ27Μα;K75.8;N16.8*;30760.0
99900000006;20/1/2026 2:58;26/1/2026 12:21;Emergency;16;Β02Χ;Q25.3;X30;23496.67
11015046922;17/9/2025 15:25;19/9/2025 20:47;Emergency;12;Δ13Μ;K14;S98.1;28560.0
11015092113;9/2/2026 20:56;20/2/2026 11:19;Ophthalmology;12;Π03Μ;B25.1+;K21;69080.0
11015021477;12/2/2026 0:12;12/2/2026 15:52;Surgery;8;Κ40Μ;H90.2;F31.4;20000.0
11015026203;16/1/2026 7:50;20/1/2026 8:12;Gynecology;1;Φ25Μ;K38;C47.1;15700.0
99900000007;3/11/2025 0:56;4/11/2025 7:11;Cardiology;17;Κ40Μ;F64.8;O69.5;20000.0
11015035596;18/5/2025 19:25;20/5/2025 21:55;Urology;4;Κ09Μα;V59.0;X41;64130.0
11015041516;28/11/2025 14:28;1/12/2025 3:50;Surgery;1;Π26Μ;K73.2;N28.9;33380.0
11015059383;21/7/2025 4:42;24/7/2025 14:48;Microbiology;18;Κ38Χ;C40.3;F52.3;25080.0
11015014902;17/9/2025 5:20;21/9/2025 19:49;Surgery;7;Μ27Χ;P00.5;E34.0;22550.0
11015063680;1/4/2026 4:48;11/4/2026 7:49;Gynecology;1;Ν23Α;S51.7;L90;21090.0
11015038799;30/4/2026 22:00;6/5/2026 17:01;Gastroenterology;11;Α30Χ;C05.1;M99.9;18210.0
11015071760;2/1/2026 4:53;4/1/2026 18:21;Radiology;9;Μ74Α;B95.8;S44.2;5250.0
99900000008;18/6/2025 20:21;21/6/2025 4:56;Pediatrics;4;W10Α;R73.0;X80;20140.0
11015040447;2/10/2025 19:58;9/10/2025 20:19;Urology;20;Α29Μ;B15.9;Z56;17440.0
11015061735;2/11/2025 0:28;5/11/2025 2:10;Urology;4;Α10Χ;L66.9;I84.6;46270.0
11015052184;6/6/2025 17:24;12/6/2025 12:33;ICU;12;Μ20Α;O80.0;G83.9;38580.0
11015083249;13/3/2026 2:20;13/3/2026 17:06;Orthopedics;6;Μ19Μ;Q80.0;J85.0;26480.0
11015041455;3/11/2025 1:28;8/11/2025 21:30;Pulmonology;11;Μ74Α;Z02.2;N84.8;10500.0
11015092792;19/4/2026 1:14;19/4/2026 21:00;Gynecology;17;Π40Χ;S87.0;E22.8;6770.0
11015068319;4/8/2025 14:20;30/8/2025 11:53;Urology;7;Μ01Μ;M07.6*;V97;145808.0
11015005155;25/8/2025 11:26;28/8/2025 21:06;ICU;3;Ν30Α;D58.8;S41.8;8400.0
11015013119;9/6/2025 18:20;22/6/2025 16:14;Urology;19;Μ04Μ;E73;M70.5;101717.78
11015072322;1/3/2026 2:20;2/3/2026 3:37;Surgery;2;Μ11Α;Z52;T17.8;40450.0
11015051880;24/6/2025 8:52;29/6/2025 13:51;Emergency;19;Μ65Χ;C67.2;H58.8*;14664.0
11015008928;27/5/2025 14:25;14/6/2025 1:31;Surgery;20;Η05Μ;J43.1;P10.4;58281.43
11015085158;8/3/2026 1:16;16/3/2026 15:52;Urology;7;Π27Μ;M09.0*;I13.1;25210.0
11015020628;16/7/2025 23:51;21/7/2025 14:02;Radiology;5;Η23Χ;M21.4;W40;13100.0
99900000009;15/10/2025 6:50;19/10/2025 14:41;Internal Medicine;19;Υ20Α;Y04;I35.9;19175.0
11015014813;28/2/2026 17:30;1/4/2026 8:46;Ophthalmology;20;Τ22Α;B60.8;V74;307250.0
11015045326;16/3/2026 4:00;21/3/2026 8:58;Pediatrics;16;Κ45Μβ;T59.1;D46.3;15285.0
11015077648;28/10/2025 10:12;31/10/2025 13:18;Gastroenterology;7;Κ38Χ;G97.1;Z12;25080.0
11015089993;6/1/2026 11:55;11/1/2026 22:53;Internal Medicine;8;W11Α;K03.8;Z27.4;29730.0
11015042819;2/2/2026 0:50;2/2/2026 21:01;Microbiology;11;Π05Χ;C40.2;N20;13790.0
11015045479;29/7/2025 4:06;3/8/2025 20:51;Urology;2;Ε09Γ;J95;T35.2;107060.0
11015070057;3/10/2025 23:01;10/10/2025 15:17;Radiology;4;Α26Χ;S75.8;B40.3;14163.33
11015030387;11/11/2025 9:51;16/11/2025 19:22;Cardiology;17;Υ09Χβ;L74.9;Q40.2;31050.0
11015045415;1/3/2026 11:52;4/3/2026 12:01;Neurology;8;Η43Χ;H74.1;E25.8;10420.0
11015006181;17/12/2025 22:26;23/12/2025 16:56;Gynecology;18;Λ04Μ;Z11.9;D02.2;21684.0
11015053389;11/10/2025 21:50;16/10/2025 17:01;Neurology;6;Ρ10Μβ;J32.0;T30;26880.0
11015060932;16/7/2025 8:15;18/7/2025 1:35;Gynecology;2;Γ11Α;Q87.4;O30;7290.0
11015072377;5/3/2026 21:01;10/3/2026 18:45;Microbiology;11;Μ19Μ;O24.0;P02.2;26480.0
11015095147;11/10/2025 16:24;20/10/2025 20:10;Gastroenterology;17;Χ41Α;Z80.7;S05.3;30660.0
11015056901;8/2/2026 0:38;15/2/2026 19:44;Internal Medicine;20;Μ06Α;T35.7;G50.8;199800.0
11015079325;12/10/2025 0:25;12/10/2025 20:49;ICU;3;Π10Χ;T61;V05;8680.0
11015010620;27/7/2025 23:12;2/8/2025 19:49;Radiology;6;Θ23Χ;G93.1;T27.0;12150.0
11015042702;19/2/2026 0:17;9/3/2026 18:09;Emergency;6;Ε06Χγ;M61.4;T49.9;104639.33
11015092569;12/8/2026 13:59;19/8/2025 10:16;Cardiology;17;Δ23Μ;S09.7;S88.1;13510.0
11015092569;12/10/2026 13:59;19/8/2025 10:16;Cardiology;17;Δ23Μ;S09.7;S88.1;13510.0
11015010620;27/7/2023 23:12;2/8/2025 19:49;Radiology;6;Θ23Χ;G93.1;T27.0;12150.0
11015010620;27/7/2026 23:12;2/8/2025 19:49;Radiology;6;Θ23Χ;G93.1;T27.0;12150.0
11015010620;27/8/2025 23:12;2/8/2025 19:49;Radiology;6;Θ23Χ;G93.1;T27.0;12150.0
11015085158;8/3/2010 1:16;16/3/2026 15:52;Urology;7;Π27Μ;M09.0*;I13.1;25210.0
11015085158;8/3/2011 1:16;16/3/2026 15:52;Urology;7;Π27Μ;M09.0*;I13.1;25210.0
11015085158;8/3/2012 1:16;16/3/2026 15:52;Urology;7;Π27Μ;M09.0*;I13.1;25210.0
