AMKA;first_name;last_name;age;phone_number
11015032143;Φωτεινή;Γεωργίου;97;974-135-8745
11015073624;Αλεξάνδρα;Στεργίου;61;145-517-6431
11015074295;Γεωργία;Μιχαηλίδου;50;458-869-4760
11015080947;Σοφία;Οικονόμου;25;479-904-7531
11015055957;Αγγελική;Μιχαηλίδου;70;776-694-9087
11015007359;Χρύσα;Μακρή;74;254-849-9174
11015037317;Κατερίνα;Μιχαηλίδου;85;197-572-8585
11015001337;Αγγελική;Μακρή;98;745-379-1072
11015003022;Χριστίνα;Στεργίου;1;435-304-4602
11015090696;Φωτεινή;Σαμαρά;35;355-987-6237
11015050998;Ευαγγελία;Σαμαρά;19;742-906-6584
11015097886;Αγγελική;Χατζή;67;894-666-3687
11015038469;Ευαγγελία;Ιωάννου;54;456-464-8583
11015072803;Μαρίνα;Μιχαηλίδου;46;901-290-0216
11015079227;Ελένη;Μιχαηλίδου;38;208-284-4193
11015002336;Αγγελική;Ιωάννου;97;948-805-5240
11015078843;Δέσποινα;Κωνσταντινίδου;52;686-874-4273
11015012227;Μαρίνα;Πανταζή;18;496-317-2019
11015099063;Κατερίνα;Χατζή;70;658-708-1694
11015008777;Χρύσα;Παππά;34;415-620-1689
11015087307;Ελένη;Γεωργίου;61;361-937-7546
11015018604;Νικολέτα;Μιχαηλίδου;5;486-780-8921
11015093229;Δήμητρα;Πανταζή;24;890-443-6316
11015077103;Γεωργία;Γεωργίου;84;107-609-3965
11015034828;Αλεξάνδρα;Μιχαηλίδου;96;746-196-1051
11015076159;Χριστίνα;Ιωάννου;76;501-895-1269
11015096645;Γεωργία;Νικολάου;89;558-508-2962
11015014127;Σοφία;Διαμαντή;39;644-298-7655
11015066473;Ευαγγελία;Μακρή;8;875-472-6234
11015061156;Χρύσα;Μιχαηλίδου;68;792-721-0391
11015026999;Χρύσα;Καραγιάννη;59;350-835-7147
11015094727;Χρύσα;Μακρή;36;574-101-1894
11015051979;Αντωνία;Κωνσταντινίδου;75;983-740-2464
11015041650;Ιωάννα;Κωνσταντινίδου;76;734-516-9179
11015092541;Ιωάννα;Παπαδοπούλου;17;185-481-2184
11015026221;Χριστίνα;Παπαδοπούλου;40;359-394-2856
11015050587;Ελένη;Αναστασιάδου;67;952-392-8301
11015051194;Ιωάννα;Ιωάννου;7;345-604-8943
11015035499;Βασιλική;Σαμαρά;71;721-262-2629
11015038780;Χρύσα;Βλάχου;94;382-976-6974
11015038307;Δήμητρα;Αγγελιδάκη;51;813-992-7762
11015093390;Αγγελική;Κυριακού;15;666-568-8409
11015074357;Δήμητρα;Μιχαηλίδου;17;911-107-1256
11015059551;Ευαγγελία;Οικονόμου;53;657-427-7460
11015087931;Αγγελική;Καραγιάννη;27;286-453-7083
11015069871;Ιωάννα;Αγγελιδάκη;44;547-919-6637
11015054930;Γεωργία;Χατζή;13;614-884-5366
11015071902;Αγγελική;Βλάχου;55;771-515-2954
11015041990;Ελένη;Μιχαηλίδου;10;727-553-7995
11015052923;Δέσποινα;Μακρή;78;420-230-6066
11015022813;Αντωνία;Στεργίου;22;337-720-8798
11015030145;Ειρήνη;Κυριακού;38;383-725-5500
11015071644;Ειρήνη;Αγγελιδάκη;47;373-188-7805
11015003086;Άννα;Βλάχου;80;270-392-7070
11015044951;Ιωάννα;Διαμαντή;49;825-177-0584
11015091203;Ευαγγελία;Αναστασιάδου;1;132-868-6246
11015058240;Αγγελική;Ιωάννου;57;454-947-6702
11015015028;Μαρίνα;Ιωάννου;4;573-233-6756
11015004799;Φωτεινή;Διαμαντή;56;939-525-8342
11015021985;Κατερίνα;Καραγιάννη;26;919-277-6044
11015074151;Μαρίνα;Μιχαηλίδου;50;806-910-0848
11015047725;Δέσποινα;Αγγελιδάκη;16;630-210-4168
11015084328;Δέσποινα;Σαμαρά;92;214-892-2386
11015052371;Χρύσα;Βλάχου;77;312-387-3069
11015076952;Γεωργία;Μακρή;85;376-987-4876
11015075524;Σοφία;Μιχαηλίδου;22;941-966-0360
11015066455;Ειρήνη;Αγγελιδάκη;13;171-261-3776
11015005752;Βασιλική;Μακρή;6;322-101-2977
11015087637;Δέσποινα;Παππά;61;978-663-7278
11015064821;Σοφία;Νικολάου;92;472-637-9399
11015038487;Βασιλική;Διαμαντή;63;386-639-3909
11015004762;Κατερίνα;Παππά;1;515-144-7196
11015021217;Κατερίνα;Μακρή;91;557-231-4839
11015049983;Φωτεινή;Νικολάου;68;213-621-5287
11015065571;Δήμητρα;Καραγιάννη;56;136-466-4186
11015096226;Μαρίνα;Αναστασιάδου;60;585-933-4990
11015076514;Μαρίνα;Νικολάου;32;600-483-1290
11015009749;Νικολέτα;Νικολάου;43;251-563-1493
11015028014;Μαρίνα;Διαμαντή;79;769-668-8863
11015097001;Ειρήνη;Αγγελιδάκη;27;681-244-3666
11015086610;Αντωνία;Αγγελιδάκη;64;479-171-5430
11015098983;Γεωργία;Δημητρίου;12;190-766-1903
11015043337;Δέσποινα;Κυριακού;86;446-995-8405
11015037601;Δέσποινα;Στεργίου;68;936-565-3354
11015077951;Χρύσα;Κωνσταντινίδου;88;753-213-5589
11015090865;Άννα;Αγγελιδάκη;84;440-379-9905
11015008740;Δήμητρα;Πανταζή;21;408-727-4684
11015030181;Κατερίνα;Ιωάννου;56;695-220-9339
11015066384;Χρύσα;Νικολάου;17;702-213-3006
11015071127;Φωτεινή;Στεργίου;1;155-981-8417
11015025311;Αγγελική;Κωνσταντινίδου;49;806-919-8062
11015030831;Κατερίνα;Παππά;44;460-539-1436
11015012325;Δήμητρα;Παππά;18;402-567-4010
11015047985;Δέσποινα;Δημητρίου;18;391-829-6106
11015087316;Δήμητρα;Αγγελιδάκη;100;673-413-9968
11015016429;Νικολέτα;Κυριακού;82;571-302-7895
11015020968;Βασιλική;Κυριακού;29;166-342-0699
11015054538;Νικολέτα;Οικονόμου;67;268-801-6998
11015084621;Δέσποινα;Παπαδοπούλου;10;856-277-9442
11015063270;Ευαγγελία;Αναστασιάδου;92;163-646-2381
11015047342;Ελένη;Νικολάου;48;648-271-6508
11015065624;Αντωνία;Ιωάννου;23;631-146-6506
11015058632;Ιωάννα;Γεωργίου;5;669-299-3685
11015024198;Δήμητρα;Δημητρίου;86;504-806-7974
11015015607;Βασιλική;Χατζή;9;682-681-9918
11015072046;Ειρήνη;Μιχαηλίδου;24;740-672-1765
11015025259;Νικολέτα;Αγγελιδάκη;17;288-908-3276
11015031411;Γεωργία;Αναστασιάδου;86;479-762-9763
11015057517;Βασιλική;Διαμαντή;83;855-116-0223
11015077559;Αντωνία;Στεργίου;24;735-302-9487
11015037399;Δήμητρα;Βλάχου;33;775-970-8933
11015005798;Άννα;Μακρή;60;967-165-3376
11015054967;Μαρία;Κωνσταντινίδου;44;705-199-1737
11015019015;Αλεξάνδρα;Κυριακού;22;450-896-7703
11015056224;Μαρίνα;Κυριακού;82;935-912-7818
11015052273;Δήμητρα;Παππά;27;662-111-2910
11015029905;Δέσποινα;Παππά;41;150-770-2866
11015089421;Άννα;Οικονόμου;100;489-106-6540
11015083392;Αντωνία;Πανταζή;94;426-304-5739
11015070805;Ειρήνη;Μακρή;21;840-697-2404
11015069292;Σοφία;Κωνσταντινίδου;50;706-470-4794
99900000001;Νικολέτα;Κυριακού;31;560-692-8714
99900000002;Φωτεινή;Αγγελιδάκη;91;147-202-8490
11015073161;Αλεξάνδρα;Διαμαντή;80;218-932-1813
11015072732;Δήμητρα;Στεργίου;53;860-945-1093
11015015206;Αντωνία;Δημητρίου;61;191-593-5319
11015032054;Αλεξάνδρα;Παπαδοπούλου;46;953-442-9394
11015003451;Αγγελική;Ιωάννου;9;297-763-3171
11015007938;Μαρία;Αναστασιάδου;97;512-883-7742
11015070182;Ιωάννα;Νικολάου;47;921-430-6063
11015082758;Βασιλική;Γεωργίου;64;575-787-3693
11015072126;Μαρία;Δημητρίου;89;697-563-7283
11015067043;Μαρία;Μακρή;62;941-920-3892
11015032456;Βασιλική;Βλάχου;3;326-883-7709
11015028853;Άννα;Πανταζή;37;385-446-2319
11015009847;Αγγελική;Κωνσταντινίδου;44;750-567-5243
11015063289;Δέσποινα;Οικονόμου;52;892-669-9582
11015078656;Βασιλική;Δημητρίου;92;504-113-9184
11015060219;Σοφία;Χατζή;75;685-108-9052
11015019596;Μαρία;Ιωάννου;23;846-912-3243
11015003610;Βασιλική;Παπαδοπούλου;85;444-545-3939
11015075409;Μαρίνα;Κωνσταντινίδου;13;652-511-5430
11015040946;Γεωργία;Πανταζή;46;987-128-7568
11015056171;Νικολέτα;Διαμαντή;80;682-748-0678
11015095209;Σοφία;Νικολάου;98;576-447-8978
11015004165;Μαρίνα;Καραγιάννη;21;500-503-2744
11015030092;Σοφία;Γεωργίου;50;893-197-3039
11015016223;Δήμητρα;Πανταζή;47;594-432-2493
11015049778;Μαρία;Γεωργίου;55;490-438-4426
11015073045;Μαρία;Πανταζή;29;650-332-9103
11015092462;Ειρήνη;Δημητρίου;65;167-759-9120
11015056000;Κατερίνα;Στεργίου;91;480-887-9196
11015072420;Άννα;Σαμαρά;62;135-269-1022
11015083034;Ελένη;Νικολάου;33;930-103-3968
11015037200;Αγγελική;Μακρή;58;934-592-3955
11015074231;Άννα;Βλάχου;56;146-876-7753
11015092239;Ειρήνη;Καραγιάννη;8;293-340-9567
11015068774;Αντωνία;Βλάχου;83;478-470-0928
11015012548;Γεωργία;Μακρή;58;222-420-5180
11015002595;Αντωνία;Βλάχου;20;409-697-0985
11015046423;Νικολέτα;Ιωάννου;29;388-645-7140
11015085274;Αντωνία;Βλάχου;7;696-291-3959
11015092006;Γεωργία;Δημητρίου;22;914-115-1358
11015003576;Χριστίνα;Νικολάου;22;908-687-4111
11015023590;Άννα;Νικολάου;3;853-865-4788
11015054994;Σοφία;Κυριακού;61;516-215-6543
11015069746;Άννα;Νικολάου;29;643-273-3826
11015011488;Άννα;Διαμαντή;54;650-917-1536
11015080368;Ελένη;Οικονόμου;45;895-875-0519
11015063751;Αλεξάνδρα;Παπαδοπούλου;19;840-647-2127
11015011013;Άννα;Δημητρίου;97;621-451-8289
11015095539;Σοφία;Αγγελιδάκη;25;111-648-6238
11015024786;Βασιλική;Κωνσταντινίδου;47;159-960-5696
11015022458;Σοφία;Διαμαντή;33;182-782-4382
11015033188;Σοφία;Γεωργίου;1;839-384-1858
11015099991;Σοφία;Αναστασιάδου;20;982-749-4092
11015011825;Αντωνία;Κυριακού;12;226-194-3004
11015010700;Βασιλική;Δημητρίου;81;245-352-0503
11015088752;Ειρήνη;Πανταζή;98;533-862-2405
11015076738;Μαρίνα;Καραγιάννη;31;300-946-5412
11015035872;Αγγελική;Διαμαντή;96;976-356-2294
11015085746;Κατερίνα;Αναστασιάδου;32;181-690-8719
11015029665;Δέσποινα;Χατζή;52;332-606-8567
11015081795;Δέσποινα;Πανταζή;92;634-747-0549
11015007536;Γεωργία;Χατζή;44;327-146-1261
11015095655;Φωτεινή;Χατζή;87;423-799-3641
11015048804;Αντωνία;Παππά;18;590-479-5337
11015086326;Φωτεινή;Δημητρίου;74;632-155-5361
11015020423;Γεωργία;Ιωάννου;22;571-240-9674
11015005351;Ευαγγελία;Κυριακού;61;551-427-8961
11015079851;Δέσποινα;Διαμαντή;15;446-135-4711
11015096155;Άννα;Πανταζή;73;186-355-1373
11015001382;Αντωνία;Κωνσταντινίδου;93;890-408-5323
11015076756;Δέσποινα;Διαμαντή;34;545-853-5111
11015027658;Δήμητρα;Οικονόμου;15;523-405-7457
11015016447;Χρύσα;Καραγιάννη;45;805-525-8883
11015014289;Άννα;Οικονόμου;84;909-846-6327
11015046272;Φωτεινή;Νικολάου;22;197-231-2456
11015040027;Ειρήνη;Στεργίου;40;312-394-7980
11015079815;Γεωργία;Διαμαντή;87;974-113-5709
11015020593;Αγγελική;Στεργίου;41;876-739-2263
11015017286;Αντωνία;Παπαδοπούλου;13;848-378-9369
11015071494;Ελένη;Γεωργίου;19;320-537-2846
11015007670;Δήμητρα;Δημητρίου;42;733-993-0551
11015009598;Αλεξάνδρα;Χατζή;93;944-854-6845
11015007965;Ειρήνη;Κωνσταντινίδου;61;805-519-4011
11015097582;Νικολέτα;Αγγελιδάκη;59;770-880-2122
11015077871;Αντωνία;Δημητρίου;73;643-921-9926
11015061245;Ευαγγελία;Κωνσταντινίδου;44;860-203-2599
11015075695;Φωτεινή;Καραγιάννη;34;968-282-4152
11015037674;Κατερίνα;Νικολάου;94;472-488-7421
11015090543;Κατερίνα;Νικολάου;85;875-115-9896
11015001275;Γεωργία;Αγγελιδάκη;79;986-763-9972
11015036871;Σοφία;Αναστασιάδου;66;678-796-7672
11015071591;Άννα;Αναστασιάδου;89;576-743-0467
11015057679;Βασιλική;Πανταζή;26;900-973-9122
11015026953;Άννα;Διαμαντή;45;673-248-6775
11015076266;Ειρήνη;Στεργίου;53;748-835-6833
11015035694;Χρύσα;Καραγιάννη;32;502-217-5479
11015003157;Χρύσα;Μιχαηλίδου;37;654-646-6652
11015042427;Μαρίνα;Ιωάννου;11;983-905-6128
11015066730;Φωτεινή;Κωνσταντινίδου;69;762-125-9022
11015093808;Αλεξάνδρα;Κωνσταντινίδου;20;412-538-4626
11015015395;Μαρίνα;Μακρή;48;666-123-4144
11015071993;Άννα;Οικονόμου;80;551-336-0606
11015011442;Αγγελική;Παππά;18;412-949-9754
11015059301;Νικολέτα;Αναστασιάδου;92;361-551-3830
11015003200;Βασιλική;Οικονόμου;46;694-891-7233
11015071485;Δέσποινα;Δημητρίου;89;340-648-7840
11015094200;Δήμητρα;Παππά;8;393-334-0967
11015065483;Άννα;Γεωργίου;66;376-587-9189
11015060139;Χριστίνα;Κυριακού;53;941-174-7050
11015015536;Αγγελική;Παπαδοπούλου;43;799-930-2333
11015046806;Αντωνία;Δημητρίου;85;505-315-3719
11015077700;Γεωργία;Παπαδοπούλου;7;682-763-5648
11015023714;Βασιλική;Αγγελιδάκη;56;820-626-5442
11015096672;Σοφία;Βλάχου;21;960-649-0432
11015079432;Ελένη;Οικονόμου;14;146-953-3485
11015048537;Ευαγγελία;Μιχαηλίδου;58;672-379-6171
11015080313;Νικολέτα;Χατζή;11;765-730-1581
11015099713;Αντωνία;Σαμαρά;63;320-709-9456
11015068907;Μαρίνα;Μιχαηλίδου;46;944-685-8003
11015032367;Ειρήνη;Αγγελιδάκη;70;755-772-4856
11015090703;Σοφία;Νικολάου;74;662-321-1984
11015054592;Βασιλική;Στεργίου;69;905-425-2853
11015077158;Αντωνία;Αγγελιδάκη;22;663-747-7603
11015089948;Κατερίνα;Χατζή;97;812-981-3900
11015003932;Δέσποινα;Καραγιάννη;69;618-719-8126
11015066543;Χρύσα;Οικονόμου;98;163-246-6156
11015027863;Ιωάννα;Οικονόμου;43;123-128-5374
11015034819;Νικολέτα;Αναστασιάδου;34;704-201-5854
11015033972;Αγγελική;Μιχαηλίδου;100;588-161-2541
11015049634;Ιωάννα;Πανταζή;62;281-948-4722
11015090026;Χριστίνα;Ιωάννου;92;758-363-9013
11015032401;Ευαγγελία;Κωνσταντινίδου;10;295-925-2437
11015043113;Αλεξάνδρα;Αναστασιάδου;14;797-738-2850
11015081651;Μαρίνα;Παπαδοπούλου;95;286-616-5132
11015067720;Γεωργία;Αναστασιάδου;96;382-853-8038
11015001863;Ιωάννα;Καραγιάννη;100;774-931-4538
11015079478;Γεωργία;Σαμαρά;88;415-662-4946
11015012138;Ειρήνη;Αναστασιάδου;90;284-231-7166
11015076541;Δέσποινα;Πανταζή;55;537-374-1259
11015085112;Φωτεινή;Βλάχου;35;199-253-7291
11015046441;Γεωργία;Παππά;60;537-843-3644
11015041669;Ελένη;Διαμαντή;29;130-606-0376
11015042490;Δέσποινα;Βλάχου;99;761-648-5445
11015006591;Γεωργία;Αναστασιάδου;68;817-535-6249
11015097966;Χριστίνα;Στεργίου;80;297-871-0819
11015077425;Αντωνία;Μιχαηλίδου;90;221-265-4368
11015004888;Δήμητρα;Γεωργίου;99;133-140-2134
11015008447;Αγγελική;Διαμαντή;98;798-165-6648
11015080714;Κατερίνα;Διαμαντή;11;602-209-4832
11015037781;Αλεξάνδρα;Παπαδοπούλου;27;552-531-9557
11015010345;Ειρήνη;Νικολάου;49;867-455-5164
11015045585;Χριστίνα;Διαμαντή;14;912-375-7131
11015087888;Μαρία;Κυριακού;73;943-710-1182
11015067436;Νικολέτα;Αγγελιδάκη;87;380-286-6847
11015015705;Φωτεινή;Παπαδοπούλου;61;868-649-2664
11015067695;Αλεξάνδρα;Κωνσταντινίδου;87;334-506-0898
11015004254;Αντωνία;Βλάχου;80;689-181-6554
11015098778;Χρύσα;Κωνσταντινίδου;22;980-935-8308
11015018383;Αλεξάνδρα;Πανταζή;53;817-627-0949
11015070397;Δέσποινα;Στεργίου;70;634-845-8362
11015093602;Γεωργία;Γεωργίου;55;720-378-7591
11015006751;Ειρήνη;Δημητρίου;74;349-603-5041
11015021903;Βασιλική;Χατζή;96;912-431-4358
99900000003;Δέσποινα;Κωνσταντινίδου;51;448-629-4538
11015033428;Ειρήνη;Καραγιάννη;97;534-531-5594
11015082776;Άννα;Διαμαντή;85;212-571-6271
11015087655;Χριστίνα;Κυριακού;71;859-886-8959
11015040312;Μαρία;Σαμαρά;88;431-675-8407
11015066151;Άννα;Παπαδοπούλου;17;580-252-6423
11015030617;Άννα;Οικονόμου;51;583-758-1537
11015037754;Μαρία;Κωνσταντινίδου;65;558-134-7767
11015036504;Ιωάννα;Διαμαντή;66;866-915-2810
11015018490;Ευαγγελία;Νικολάου;21;714-943-0205
11015052022;Αλεξάνδρα;Αγγελιδάκη;51;839-474-2194
11015022323;Ευαγγελία;Αγγελιδάκη;13;704-823-0295
11015088333;Ευαγγελία;Αγγελιδάκη;91;532-695-8525
11015040731;Σοφία;Παπαδοπούλου;6;738-979-4315
99900000004;Φωτεινή;Παππά;84;900-203-0494
11015063895;Αντωνία;Γεωργίου;43;768-232-1517
11015062315;Αλεξάνδρα;Κυριακού;64;935-925-7243
11015067800;Δήμητρα;Πανταζή;61;805-420-1560
11015090071;Βασιλική;Παππά;35;814-313-5088
11015096164;Άννα;Νικολάου;88;691-666-6328
11015091597;Ελένη;Βλάχου;29;816-547-0020
11015042597;Γεωργία;Διαμαντή;95;773-324-3637
11015050328;Αλεξάνδρα;Κωνσταντινίδου;39;167-114-1203
11015003736;Αλεξάνδρα;Διαμαντή;94;783-278-0888
11015012469;Ειρήνη;Αγγελιδάκη;55;522-799-9906
11015035765;Ελένη;Βλάχου;81;454-346-5526
11015031215;Μαρία;Γεωργίου;80;861-901-8106
11015025801;Άννα;Αγγελιδάκη;9;389-780-4333
11015070645;Ιωάννα;Γεωργίου;94;649-931-4127
11015068550;Χριστίνα;Κωνσταντινίδου;65;220-428-3312
11015068792;Ελένη;Καραγιάννη;46;790-315-1176
11015016946;Σοφία;Δημητρίου;50;604-286-6446
11015033552;Άννα;Μιχαηλίδου;9;353-171-3941
11015039066;Άννα;Καραγιάννη;59;179-572-3137
11015071671;Φωτεινή;Πανταζή;27;565-436-6284
11015041589;Ειρήνη;Παπαδοπούλου;78;498-975-1448
11015006671;Αλεξάνδρα;Αγγελιδάκη;65;417-237-0410
11015078497;Δέσποινα;Οικονόμου;34;717-973-1972
11015013789;Άννα;Νικολάου;1;537-691-9411
11015033614;Βασιλική;Μακρή;14;455-121-4553
11015044452;Φωτεινή;Παπαδοπούλου;97;126-278-6065
11015016161;Φωτεινή;Ιωάννου;22;919-635-3298
11015058767;Κατερίνα;Κυριακού;66;516-708-1969
11015076783;Βασιλική;Αγγελιδάκη;92;960-454-5558
11015057394;Γεωργία;Γεωργίου;7;521-340-4734
11015083515;Νικολέτα;Παπαδοπούλου;27;815-335-7242
11015023359;Μαρία;Ιωάννου;54;565-612-1107
11015097813;Κατερίνα;Αναστασιάδου;27;508-559-7551
11015040777;Αγγελική;Αγγελιδάκη;55;433-858-2101
11015038682;Ελένη;Καραγιάννη;95;325-740-2060
11015077256;Χρύσα;Ιωάννου;1;958-941-9528
11015034383;Βασιλική;Μακρή;44;516-987-4931
11015054565;Χριστίνα;Διαμαντή;89;178-118-9738
11015018631;Μαρίνα;Κυριακού;84;458-252-2779
11015022412;Άννα;Κωνσταντινίδου;16;908-258-7675
11015011978;Φωτεινή;Παπαδοπούλου;89;375-903-5611
11015000150;Χρύσα;Κωνσταντινίδου;35;558-603-3299
11015058160;Χριστίνα;Χατζή;92;206-818-5663
11015025455;Χριστίνα;Γεωργίου;97;683-152-2174
11015084462;Κατερίνα;Νικολάου;8;849-135-9155
11015077602;Γεωργία;Σαμαρά;85;105-860-5421
11015092569;Άννα;Στεργίου;81;953-132-4830
11015070976;Αλεξάνδρα;Παπαδοπούλου;59;505-659-5689
11015002201;Άννα;Χατζή;73;823-130-3182
11015061940;Μαρία;Αναστασιάδου;66;169-109-6867
11015082400;Χριστίνα;Χατζή;64;120-383-4982
11015020824;Μαρίνα;Χατζή;75;940-840-1978
99900000005;Κατερίνα;Βλάχου;83;329-381-7914
11015012922;Αλεξάνδρα;Ιωάννου;5;514-726-8429
11015069194;Ιωάννα;Διαμαντή;93;574-403-1381
11015073492;Μαρίνα;Ιωάννου;3;321-521-3816
11015001845;Δέσποινα;Οικονόμου;42;583-887-8539
11015041687;Αλεξάνδρα;Καραγιάννη;39;988-380-2482
11015038842;Δέσποινα;Μιχαηλίδου;42;326-835-4784
11015093906;Σοφία;Διαμαντή;54;671-324-8303
11015091445;Σοφία;Μακρή;24;296-840-8527
11015052629;Αντωνία;Νικολάου;15;441-913-0748
11015091631;Βασιλική;Χατζή;51;939-656-2687
11015004548;Βασιλική;Πανταζή;98;766-475-2923
11015023331;Νικολέτα;Οικονόμου;64;252-940-5501
11015053682;Ελένη;Παππά;56;879-448-6184
11015088716;Φωτεινή;Αναστασιάδου;60;653-415-7268
11015063706;Ειρήνη;Παπαδοπούλου;28;620-745-7289
11015083089;Χρύσα;Σαμαρά;70;139-398-3935
11015068836;Ειρήνη;Παππά;13;732-252-5682
11015017650;Χριστίνα;Σαμαρά;81;435-124-4581
11015055323;Μαρία;Μιχαηλίδου;64;695-338-8616
11015083463;Μαρία;Δημητρίου;32;195-519-6000
11015040526;Ελένη;Καραγιάννη;65;728-550-4574
11015009990;Χρύσα;Σαμαρά;58;422-806-6630
11015023215;Ιωάννα;Αναστασιάδου;91;144-362-5101
11015004129;Ειρήνη;Αναστασιάδου;6;856-988-5625
11015013903;Αντωνία;Σαμαρά;46;877-100-2152
11015010149;Βασιλική;Μιχαηλίδου;76;856-212-7120
11015085979;Κατερίνα;Καραγιάννη;79;292-371-3742
11015076453;Κατερίνα;Παππά;28;744-858-6641
11015044498;Χριστίνα;Αγγελιδάκη;80;474-296-5393
99900000006;Δήμητρα;Δημητρίου;46;154-163-6469
11015046922;Χριστίνα;Μακρή;59;109-109-8081
11015092113;Φωτεινή;Αγγελιδάκη;54;554-717-3301
11015021477;Βασιλική;Σαμαρά;96;233-412-3700
11015026203;Μαρία;Αναστασιάδου;34;904-916-6399
99900000007;Αντωνία;Αναστασιάδου;84;995-843-4167
11015035596;Άννα;Διαμαντή;50;842-405-3377
11015041516;Ελένη;Πανταζή;1;420-178-6148
11015059383;Αλεξάνδρα;Νικολάου;73;133-210-2243
11015014902;Δήμητρα;Καραγιάννη;48;646-881-9114
11015063680;Αγγελική;Ιωάννου;82;564-201-0781
11015038799;Ιωάννα;Κωνσταντινίδου;69;952-590-1179
11015071760;Αλεξάνδρα;Παπαδοπούλου;34;191-458-0616
99900000008;Ιωάννα;Μακρή;80;165-875-6588
11015040447;Δέσποινα;Καραγιάννη;54;585-115-2706
11015061735;Βασιλική;Καραγιάννη;75;277-325-4334
11015052184;Δήμητρα;Σαμαρά;19;102-974-4788
11015083249;Γεωργία;Οικονόμου;89;960-769-0146
11015041455;Χριστίνα;Νικολάου;99;542-495-2146
11015092792;Μαρία;Αγγελιδάκη;35;980-531-4553
11015068319;Αλεξάνδρα;Κωνσταντινίδου;51;476-557-9396
11015005155;Ελένη;Κωνσταντινίδου;30;696-123-7007
11015013119;Δήμητρα;Πανταζή;50;425-101-0723
11015072322;Αγγελική;Διαμαντή;1;317-548-9325
11015051880;Ιωάννα;Νικολάου;31;361-731-0427
11015008928;Νικολέτα;Νικολάου;100;843-486-9160
11015085158;Κατερίνα;Κωνσταντινίδου;10;598-402-0893
11015020628;Φωτεινή;Παπαδοπούλου;54;250-930-0664
99900000009;Κατερίνα;Βλάχου;98;810-693-6671
11015014813;Ιωάννα;Μιχαηλίδου;45;539-961-2256
11015045326;Αλεξάνδρα;Παπαδοπούλου;34;805-979-6793
11015077648;Ειρήνη;Παπαδοπούλου;93;987-767-6291
11015089993;Φωτεινή;Μιχαηλίδου;63;175-712-1006
11015042819;Δέσποινα;Παπαδοπούλου;62;327-356-2050
11015045479;Νικολέτα;Μακρή;57;776-564-5202
11015070057;Ελένη;Δημητρίου;42;944-551-6961
11015030387;Μαρία;Αγγελιδάκη;4;933-438-2077
11015045415;Ευαγγελία;Οικονόμου;37;864-116-2041
11015006181;Γεωργία;Βλάχου;65;696-801-1177
11015053389;Χρύσα;Καραγιάννη;78;308-595-0431
11015060932;Ευαγγελία;Κυριακού;38;414-535-2322
11015072377;Σοφία;Χατζή;20;513-885-6547
11015095147;Βασιλική;Σαμαρά;27;147-623-0019
11015056901;Δέσποινα;Καραγιάννη;16;453-277-7588
11015079325;Χρύσα;Μιχαηλίδου;38;685-550-2722
11015010620;Αντωνία;Κωνσταντινίδου;58;309-246-8103
11015042702;Ιωάννα;Στεργίου;11;760-604-1897
11015022662;Νικολέτα;Παπαδοπούλου;7;579-964-0402
11015051176;Μαρίνα;Βλάχου;70;118-457-7775
11015094460;Άννα;Χατζή;89;143-743-9254
11015045638;Μαρία;Κωνσταντινίδου;44;937-981-9845
11015077238;Ελένη;Αναστασιάδου;72;269-687-3198
11015054306;Φωτεινή;Παππά;76;240-843-6295
11015043257;Άννα;Οικονόμου;20;137-135-4363
11015022804;Αγγελική;Μιχαηλίδου;3;138-677-7363
11015038361;Ευαγγελία;Ιωάννου;66;155-559-8819
11015049607;Μαρίνα;Ιωάννου;8;148-596-7205
11015076140;Χρύσα;Διαμαντή;87;947-546-0121
11015051791;Άννα;Σαμαρά;29;504-524-3369
11015013752;Χρύσα;Αναστασιάδου;15;470-153-7185
11015099571;Ιωάννα;Χατζή;73;805-232-9997
11015051050;Αντωνία;Μιχαηλίδου;15;586-881-6515
11015070618;Χριστίνα;Στεργίου;79;329-981-0660
11015067383;Αγγελική;Διαμαντή;28;368-959-7045
11015028185;Ελένη;Γεωργίου;93;468-171-0549
11015071403;Χρύσα;Κυριακού;13;520-510-4478
11015022261;Αντωνία;Πανταζή;25;955-227-5056
11015045022;Ελένη;Βλάχου;4;334-655-1065
11015081027;Μαρίνα;Μιχαηλίδου;5;381-884-9247
11015018301;Ιωάννα;Στεργίου;1;176-860-5751
11015088663;Μαρία;Μιχαηλίδου;70;885-786-8508
11015019202;Ευαγγελία;Γεωργίου;58;629-578-8953
11015033650;Αντωνία;Αγγελιδάκη;91;518-488-0274
11015081367;Ελένη;Πανταζή;87;572-206-9518
11015001499;Μαρίνα;Δημητρίου;65;993-502-7801
11015053209;Βασιλική;Οικονόμου;59;689-562-6477
11015054137;Κατερίνα;Ιωάννου;57;654-851-8225
11015054146;Δέσποινα;Κωνσταντινίδου;27;783-328-5765
11015018089;Ειρήνη;Παππά;10;412-137-0965
11015061931;Σοφία;Μακρή;78;565-257-9299
11015013397;Χρύσα;Πανταζή;31;208-432-2532
11015010425;Ελένη;Αναστασιάδου;53;113-255-9061
99900000010;Νικολέτα;Γεωργίου;75;821-765-1949
11015007475;Βασιλική;Αναστασιάδου;79;282-805-8270
11015069737;Δήμητρα;Κωνσταντινίδου;15;146-641-6031
11015027480;Γεωργία;Αναστασιάδου;83;614-277-2973
11015060157;Αλεξάνδρα;Παππά;58;655-405-3451
11015027104;Άννα;Διαμαντή;15;134-649-8574
11015017892;Βασιλική;Μακρή;96;380-541-5545
11015013681;Άννα;Στεργίου;30;455-183-8295
11015084444;Ελένη;Παπαδοπούλου;61;570-310-6009
11015076630;Χριστίνα;Παππά;10;928-996-6889
11015030706;Δέσποινα;Διαμαντή;98;315-975-2200
11015009142;Άννα;Δημητρίου;52;277-319-6412
11015094399;Μαρίνα;Στεργίου;2;460-891-4507
11015073241;Χρύσα;Παπαδοπούλου;17;474-708-0047
11015059971;Βασιλική;Δημητρίου;88;817-662-6292
11015058534;Δέσποινα;Δημητρίου;41;313-771-1726
11015055449;Μαρίνα;Παπαδοπούλου;32;473-156-2125
11015016982;Χρύσα;Βλάχου;40;230-225-9692
11015094111;Φωτεινή;Διαμαντή;51;290-620-1426
11015092952;Αλεξάνδρα;Διαμαντή;83;561-360-2714
11015011889;Αλεξάνδρα;Βλάχου;41;940-169-8132
11015061325;Αντωνία;Αναστασιάδου;16;908-126-6669
11015025874;Ευαγγελία;Αναστασιάδου;80;909-621-9389
11015098947;Νικολέτα;Νικολάου;52;243-911-1170
11015044531;Νικολέτα;Ιωάννου;35;733-990-0118
11015055760;Ειρήνη;Ιωάννου;63;776-189-8713
11015085309;Δήμητρα;Οικονόμου;46;549-994-4298
11015081517;Αγγελική;Νικολάου;83;518-383-1473
11015065991;Ειρήνη;Νικολάου;14;937-347-4538
11015094530;Δέσποινα;Χατζή;59;356-209-3715
11015052246;Κατερίνα;Δημητρίου;59;827-403-2949
11015094040;Αλεξάνδρα;Σαμαρά;14;567-881-1791
11015065642;Μαρία;Κυριακού;76;632-237-0509
11015007778;Σοφία;Διαμαντή;68;200-793-6760
11015063163;Χρύσα;Κωνσταντινίδου;22;962-717-4410
11015019113;Ευαγγελία;Αναστασιάδου;52;916-260-2442
11015024189;Αντωνία;Μιχαηλίδου;33;134-372-6655
11015045683;Βασιλική;Παπαδοπούλου;52;205-634-5569
11015026686;Γεωργία;Πανταζή;78;261-848-8187
11015039752;Δήμητρα;Καραγιάννη;26;907-407-7856
11015007769;Δέσποινα;Χατζή;45;646-210-3219
11015073269;Αντωνία;Μιχαηλίδου;26;334-471-0484
11015047805;Βασιλική;Ιωάννου;6;488-951-6161
11015076042;Νικολέτα;Μακρή;99;679-732-7874
11015069577;Αγγελική;Αγγελιδάκη;68;690-150-2087
11015078237;Ιωάννα;Ιωάννου;48;602-439-9878
11015000070;Αντωνία;Πανταζή;59;972-254-1648
11015084033;Μαρία;Ιωάννου;70;813-614-4293
11015049055;Αντωνία;Αναστασιάδου;17;551-917-6517
11015098279;Άννα;Μιχαηλίδου;13;586-257-9936
11015074838;Ελένη;Σαμαρά;62;931-139-3450
11015062164;Δέσποινα;Πανταζή;84;600-516-0181
11015088495;Άννα;Αναστασιάδου;66;834-875-3183
11015078834;Ειρήνη;Κωνσταντινίδου;6;863-850-7746
11015007821;Σοφία;Οικονόμου;44;306-689-6960
11015096351;Αγγελική;Μακρή;80;270-423-1624
11015041213;Βασιλική;Πανταζή;51;558-277-5383
11015067150;Δέσποινα;Αναστασιάδου;51;409-446-9924
11015035603;Ιωάννα;Σαμαρά;85;323-633-5801
99900000011;Άννα;Διαμαντή;30;994-334-8439
11015032697;Φωτεινή;Βλάχου;42;624-117-6045
11015098885;Αντωνία;Ιωάννου;5;705-256-8490
11015068890;Αγγελική;Διαμαντή;48;704-260-6127
11015027827;Άννα;Χατζή;73;682-348-5087
11015088002;Νικολέτα;Αγγελιδάκη;52;449-632-7480
11015086246;Κατερίνα;Γεωργίου;58;915-785-1369
11015050541;Γεωργία;Ιωάννου;8;326-881-8225
11015006494;Βασιλική;Μιχαηλίδου;50;803-378-4798
11015021324;Κατερίνα;Χατζή;19;683-194-5138
11015098867;Φωτεινή;Κωνσταντινίδου;90;212-754-8813
11015087227;Σοφία;Νικολάου;99;853-977-1837
11015085336;Κατερίνα;Οικονόμου;87;746-631-9500
11015025133;Άννα;Κυριακού;3;269-677-4741
11015003264;Φωτεινή;Αγγελιδάκη;99;232-267-4393
11015059310;Αγγελική;Πανταζή;73;820-937-3663
11015083908;Νικολέτα;Βλάχου;33;275-327-8051
11015067962;Ευαγγελία;Μακρή;84;792-350-4249
11015007947;Ιωάννα;Πανταζή;45;978-493-9512
11015051158;Άννα;Πανταζή;33;176-592-1987
11015030920;Άννα;Γεωργίου;48;177-331-5156
11015083926;Δήμητρα;Κωνσταντινίδου;81;819-210-3443
11015097118;Δέσποινα;Αναστασιάδου;23;184-412-7779
11015015509;Αγγελική;Πανταζή;65;539-922-0727
11015031769;Σοφία;Κωνσταντινίδου;35;824-909-5426
11015030305;Αντωνία;Σαμαρά;34;752-493-4991
11015035097;Μαρία;Οικονόμου;65;947-432-9551
11015009543;Μαρία;Μιχαηλίδου;39;343-379-2510
11015016054;Νικολέτα;Μιχαηλίδου;64;545-154-6504
11015059604;Αγγελική;Νικολάου;82;857-195-3349
11015037629;Νικολέτα;Στεργίου;67;439-911-0526
11015009115;Αντωνία;Κυριακού;60;682-654-6744
11015061815;Ελένη;Κωνσταντινίδου;58;128-766-5572
11015044023;Ιωάννα;Χατζή;39;695-558-2421
11015010693;Μαρίνα;Χατζή;49;420-891-1564
11015001042;Σοφία;Νικολάου;33;920-230-9905
11015008143;Νικολέτα;Παπαδοπούλου;50;991-954-3139
11015055733;Άννα;Καραγιάννη;61;316-137-6952
11015079959;Αλεξάνδρα;Παππά;53;275-769-7317
11015026837;Γεωργία;Ιωάννου;11;585-278-9432
11015027195;Ιωάννα;Κυριακού;14;980-740-6372
11015049046;Φωτεινή;Γεωργίου;33;912-989-2075
11015083105;Φωτεινή;Κυριακού;59;632-588-4923
11015062173;Ελένη;Μακρή;27;388-831-4962
11015033543;Χρύσα;Γεωργίου;42;671-296-9356
11015097038;Αντωνία;Πανταζή;70;649-113-2764
11015078987;Μαρία;Καραγιάννη;71;372-192-7565
11015025829;Κατερίνα;Μιχαηλίδου;73;317-575-2579
11015069461;Δέσποινα;Βλάχου;97;547-911-4412
11015056581;Ιωάννα;Οικονόμου;55;596-405-7489
99900000012;Βασιλική;Αγγελιδάκη;90;950-780-0409
11015028513;Ελένη;Δημητρίου;30;801-325-7032
11015082151;Γεωργία;Νικολάου;77;814-998-9210
11015043426;Φωτεινή;Οικονόμου;27;417-979-4933
11015053904;Δήμητρα;Οικονόμου;87;279-840-5273
11015028951;Μαρία;Αγγελιδάκη;81;861-534-7016
11015061361;Βασιλική;Διαμαντή;22;665-406-8819
11015052255;Κατερίνα;Γεωργίου;51;956-354-1628
11015064297;Μαρίνα;Αναστασιάδου;99;148-591-8694
11015074598;Άννα;Σαμαρά;16;982-453-6976
11015084952;Χριστίνα;Παπαδοπούλου;39;217-673-7524
11015020110;Ευαγγελία;Αγγελιδάκη;76;857-105-7219
11015035587;Μαρία;Καραγιάννη;65;843-174-0116
11015084550;Βασιλική;Αναστασιάδου;75;138-943-4329
11015070226;Μαρία;Ιωάννου;76;526-765-5693
11015093461;Δέσποινα;Σαμαρά;33;425-752-3641
11015052969;Δέσποινα;Γεωργίου;22;898-954-8935
11015096958;Βασιλική;Μακρή;42;893-117-7135
11015075016;Δέσποινα;Δημητρίου;6;556-130-8004
99900000013;Χρύσα;Κωνσταντινίδου;59;583-559-0419
11015043550;Μαρίνα;Μακρή;11;115-735-8462
11015035391;Χριστίνα;Μιχαηλίδου;28;779-998-2621
11015061165;Κατερίνα;Σαμαρά;25;264-620-4626
11015003996;Χριστίνα;Κυριακού;49;916-628-7776
11015062618;Μαρία;Χατζή;13;403-135-3609
99900000014;Ειρήνη;Αγγελιδάκη;15;261-986-4679
11015021020;Αγγελική;Οικονόμου;27;923-324-1741
11015032107;Δήμητρα;Μιχαηλίδου;62;599-283-3779
11015048458;Ευαγγελία;Διαμαντή;63;731-709-9170
11015014788;Ιωάννα;Διαμαντή;34;760-182-9877
11015099839;Αγγελική;Γεωργίου;74;786-672-1708
11015061316;Δήμητρα;Καραγιάννη;43;598-912-1955
11015094567;Σοφία;Κυριακού;13;796-746-4025
11015009286;Αγγελική;Παπαδοπούλου;87;840-521-4857
99900000015;Βασιλική;Μιχαηλίδου;66;917-503-0107
11015026418;Άννα;Παππά;25;512-387-9576
11015015073;Βασιλική;Πανταζή;37;348-411-0819
99900000016;Δήμητρα;Κωνσταντινίδου;86;253-431-9466
11015007698;Χριστίνα;Σαμαρά;21;134-821-8628
11015026098;Ειρήνη;Πανταζή;100;117-971-5158
11015033829;Βασιλική;Κυριακού;84;956-741-9299
11015016018;Χριστίνα;Γεωργίου;76;338-245-1938
11015062333;Σοφία;Νικολάου;91;471-769-0009
11015046049;Ιωάννα;Ιωάννου;89;633-774-8666
11015018356;Ειρήνη;Ιωάννου;47;375-717-0427
11015064858;Αγγελική;Παπαδοπούλου;26;456-608-2921
11015008456;Βασιλική;Διαμαντή;50;919-869-3850
99900000017;Νικολέτα;Βλάχου;99;969-776-8747
11015008232;Ιωάννα;Καραγιάννη;76;399-385-7533
11015062841;Βασιλική;Δημητρίου;92;784-959-8657
11015049894;Άννα;Δημητρίου;53;337-559-8037
11015042962;Δέσποινα;Δημητρίου;86;988-436-2854
11015081508;Νικολέτα;Ιωάννου;8;131-810-0325
11015090963;Χριστίνα;Αναστασιάδου;17;129-571-3896
11015083301;Αγγελική;Διαμαντή;83;292-764-4938
99900000018;Φωτεινή;Νικολάου;41;957-560-6535
11015073018;Αντωνία;Σαμαρά;27;364-582-1823
11015013592;Φωτεινή;Μιχαηλίδου;9;265-913-4817
11015030163;Βασιλική;Γεωργίου;52;166-530-1069
11015090339;Δήμητρα;Σαμαρά;49;685-917-9058
11015081205;Άννα;Βλάχου;25;416-506-0754
11015042711;Ιωάννα;Χατζή;26;742-122-4964
11015059141;Ευαγγελία;Πανταζή;52;921-278-3552
11015073438;Νικολέτα;Βλάχου;37;909-735-9537
11015097760;Δήμητρα;Διαμαντή;72;251-310-7941
11015095343;Αγγελική;Νικολάου;82;539-834-3822
11015007661;Δήμητρα;Αναστασιάδου;59;252-365-7328
11015059506;Κατερίνα;Βλάχου;45;520-415-9134
11015033963;Ειρήνη;Αγγελιδάκη;78;128-302-2476
11015043612;Δέσποινα;Βλάχου;51;236-259-5296
11015059445;Ειρήνη;Χατζή;75;465-331-3437
99900000019;Ευαγγελία;Παπαδοπούλου;87;339-502-4947
11015048582;Φωτεινή;Παπαδοπούλου;1;106-925-1065
11015074856;Κατερίνα;Ιωάννου;14;386-780-1762
11015072643;Μαρίνα;Πανταζή;80;496-700-9355
11015079076;Αλεξάνδρα;Αγγελιδάκη;65;510-126-2102
11015012673;Μαρίνα;Στεργίου;82;829-634-0255
11015013235;Αγγελική;Αναστασιάδου;54;606-471-0007
11015010167;Νικολέτα;Οικονόμου;46;289-939-7835
11015037898;Άννα;Ιωάννου;82;148-124-1140
11015084382;Βασιλική;Σαμαρά;42;785-921-7951
11015042052;Ειρήνη;Οικονόμου;1;232-736-7705
11015021805;Δήμητρα;Διαμαντή;19;783-799-2172
11015046325;Αντωνία;Γεωργίου;69;285-852-5837
11015007340;Σοφία;Νικολάου;93;771-261-9052
11015075631;Αντωνία;Δημητρίου;51;985-556-7838
11015007590;Φωτεινή;Καραγιάννη;41;463-676-6283
11015096039;Δέσποινα;Νικολάου;14;233-658-1089
11015063528;Χρύσα;Χατζή;64;456-628-6334
11015098894;Αντωνία;Νικολάου;95;122-687-5260
11015036808;Αντωνία;Κυριακού;47;525-793-4948
11015038049;Σοφία;Ιωάννου;93;960-214-3846
11015007046;Μαρίνα;Βλάχου;78;189-263-7888
11015099973;Δήμητρα;Μακρή;87;287-710-2502
11015063653;Φωτεινή;Πανταζή;14;501-365-3458
11015060371;Αλεξάνδρα;Μακρή;95;706-751-9207
11015059169;Δέσποινα;Αναστασιάδου;51;325-605-0027
11015015625;Αλεξάνδρα;Κυριακού;14;604-901-9751
11015060362;Κατερίνα;Διαμαντή;21;318-214-2522
11015088609;Χριστίνα;Καραγιάννη;12;587-363-0980
11015047707;Νικολέτα;Σαμαρά;100;512-231-5072
11015057410;Ελένη;Παπαδοπούλου;87;803-403-8731
11015082703;Άννα;Διαμαντή;48;385-499-2152
99900000020;Βασιλική;Κωνσταντινίδου;10;921-669-9540
11015070565;Ελένη;Κωνσταντινίδου;42;267-269-3884
11015088020;Χριστίνα;Οικονόμου;42;495-208-1092
11015049019;Μαρία;Μιχαηλίδου;30;317-293-5034
11015060175;Βασιλική;Πανταζή;8;909-735-1657
11015084890;Σοφία;Ιωάννου;37;913-534-7929
11015092033;Αγγελική;Βλάχου;83;914-177-8853
11015093149;Μαρίνα;Οικονόμου;71;266-583-3326
11015098475;Νικολέτα;Καραγιάννη;2;536-930-6744
11015014831;Φωτεινή;Γεωργίου;47;373-927-5819
11015093826;Χρύσα;Δημητρίου;35;809-553-8663
11015013734;Κατερίνα;Καραγιάννη;79;244-399-1667
11015007867;Αντωνία;Στεργίου;31;211-407-4756
11015067935;Ελένη;Κωνσταντινίδου;40;871-905-3846
11015018793;Μαρία;Παππά;27;388-306-0178
11015034141;Νικολέτα;Παπαδοπούλου;55;921-682-2558
11015046414;Φωτεινή;Καραγιάννη;78;594-535-1632
11015034837;Χρύσα;Βλάχου;34;774-388-2295
11015007304;Αντωνία;Κυριακού;15;868-409-8818
11015031484;Μαρία;Παππά;22;745-866-7464
11015035373;Νικολέτα;Μακρή;59;118-998-0278
11015057811;Ιωάννα;Χατζή;47;163-912-8153
11015011255;Χριστίνα;Καραγιάννη;96;311-626-8489
11015013627;Δέσποινα;Στεργίου;61;998-947-1025
99900000021;Κατερίνα;Αναστασιάδου;12;730-268-3659
11015028443;Χρύσα;Διαμαντή;75;402-799-5954
11015017561;Αλεξάνδρα;Μακρή;40;831-550-8722
11015001122;Κατερίνα;Βλάχου;13;672-168-7321
11015019042;Κατερίνα;Παπαδοπούλου;56;665-533-6936
11015042089;Χριστίνα;Κυριακού;65;232-668-2241
11015091285;Χρύσα;Καραγιάννη;55;167-740-0094
11015004110;Χρύσα;Παππά;50;421-891-0404
11015054609;Μαρίνα;Πανταζή;40;303-834-2578
11015088155;Μαρία;Πανταζή;74;732-398-4492
11015041080;Ευαγγελία;Οικονόμου;45;943-403-5572
11015062422;Νικολέτα;Νικολάου;85;432-642-2853
99900000022;Χριστίνα;Παπαδοπούλου;4;786-912-1196
11015075702;Κατερίνα;Βλάχου;74;334-290-4727
11015009384;Γεωργία;Αναστασιάδου;79;524-403-7458
11015002078;Ευαγγελία;Κωνσταντινίδου;58;526-490-1446
99900000023;Αγγελική;Δημητρίου;48;952-802-2405
11015018285;Κατερίνα;Διαμαντή;49;634-648-1352
99900000024;Ευαγγελία;Πανταζή;44;763-465-1139
11015081465;Χριστίνα;Διαμαντή;49;923-781-4532
11015002345;Δέσποινα;Γεωργίου;81;364-159-6550
11015059052;Αντωνία;Διαμαντή;42;717-239-8945
11015005253;Φωτεινή;Καραγιάννη;60;750-493-5992
11015016358;Δήμητρα;Αναστασιάδου;79;185-597-9639
11015044309;Κατερίνα;Μιχαηλίδου;14;709-153-3761
11015066311;Χρύσα;Σαμαρά;68;745-943-5862
11015057973;Γεωργία;Διαμαντή;60;159-886-4238
11015094335;Χρύσα;Πανταζή;75;218-435-1371
11015022742;Δήμητρα;Δημητρίου;87;420-246-5963
11015059999;Χριστίνα;Γεωργίου;4;433-181-4596
11015079619;Χρύσα;Σαμαρά;88;484-981-6417
11015015581;Αγγελική;Αγγελιδάκη;54;405-745-9481
11015002443;Σοφία;Διαμαντή;98;815-806-1931
11015058623;Δήμητρα;Καραγιάννη;29;812-679-9554
11015020361;Ευαγγελία;Διαμαντή;29;577-629-6469
11015051256;Γεωργία;Αναστασιάδου;84;300-584-3757
11015048396;Αντωνία;Δημητρίου;32;401-945-0132
11015094674;Σοφία;Μακρή;28;230-763-2189
11015089671;Σοφία;Μιχαηλίδου;98;372-210-1408
11015059196;Χριστίνα;Κωνσταντινίδου;14;999-338-2158
11015092088;Φωτεινή;Γεωργίου;95;515-415-4439
11015047164;Σοφία;Δημητρίου;11;280-256-0871
11015006270;Σοφία;Νικολάου;41;221-590-8832
11015047011;Σοφία;Δημητρίου;87;429-525-6776
11015001435;Αλεξάνδρα;Νικολάου;65;425-901-5517
11015052460;Ειρήνη;Κυριακού;6;770-327-6168
99900000025;Αντωνία;Μιχαηλίδου;59;736-456-6158
11015064938;Κατερίνα;Μακρή;53;223-683-7026
11015033883;Ελένη;Κωνσταντινίδου;99;963-799-1425
11015091301;Αντωνία;Μακρή;43;960-108-7574
11015025981;Ελένη;Παπαδοπούλου;70;153-598-4041
11015010461;Σοφία;Βλάχου;77;865-829-8632
11015018463;Δήμητρα;Παππά;72;205-504-7125
11015083258;Σοφία;Μιχαηλίδου;62;540-168-2998
11015072368;Ευαγγελία;Διαμαντή;47;151-497-7923
11015061147;Δήμητρα;Σαμαρά;26;607-890-7399
11015089001;Χριστίνα;Σαμαρά;43;705-623-9133
11015026445;Ιωάννα;Νικολάου;84;993-259-6825
11015023420;Φωτεινή;Παππά;44;472-943-4730
11015030154;Δέσποινα;Κυριακού;41;186-677-0436
11015083374;Άννα;Διαμαντή;50;268-208-7846
11015031199;Ελένη;Παππά;34;498-634-5301
11015063038;Μαρίνα;Δημητρίου;92;255-160-7301
11015021495;Νικολέτα;Παππά;49;955-461-5805
11015061673;Ιωάννα;Οικονόμου;14;833-596-4662
11015025035;Αλεξάνδρα;Αναστασιάδου;7;881-277-5855
11015055118;Ελένη;Χατζή;71;351-794-9364
11015029479;Αλεξάνδρα;Χατζή;98;359-922-6695
11015048154;Αλεξάνδρα;Αγγελιδάκη;60;165-575-7405
11015050435;Φωτεινή;Κυριακού;96;791-155-7235
11015090151;Γεωργία;Πανταζή;22;706-811-6136
11015080117;Βασιλική;Αγγελιδάκη;23;570-221-9142
11015036292;Ευαγγελία;Μιχαηλίδου;95;291-796-5585
99900000026;Δέσποινα;Νικολάου;98;358-776-8149
11015090393;Μαρίνα;Παπαδοπούλου;90;267-715-4277
99900000027;Χρύσα;Γεωργίου;84;596-137-5930
11015016438;Ελένη;Πανταζή;31;213-833-6549
11015090990;Μαρία;Αναστασιάδου;46;140-368-3554
11015017446;Ειρήνη;Μακρή;32;423-935-6733
11015045530;Άννα;Καραγιάννη;33;266-842-2894
11015030270;Αγγελική;Βλάχου;10;644-349-0564
11015072411;Ειρήνη;Αναστασιάδου;94;397-243-5487
99900000028;Χριστίνα;Πανταζή;10;136-739-4010
11015091178;Φωτεινή;Ιωάννου;92;252-290-1291
11015027168;Δήμητρα;Αναστασιάδου;71;365-861-8944
11015066927;Αγγελική;Κωνσταντινίδου;61;582-428-0416
11015093835;Μαρία;Παπαδοπούλου;92;773-351-7994
11015021556;Χρύσα;Αγγελιδάκη;11;610-311-2590
11015059631;Μαρία;Παππά;84;989-590-4203
11015028229;Δέσποινα;Καραγιάννη;65;528-458-1186
11015053566;Σοφία;Δημητρίου;32;677-919-7102
11015056689;Δήμητρα;Ιωάννου;20;202-931-0575
99900000029;Δέσποινα;Ιωάννου;43;845-184-5923
11015052718;Κατερίνα;Καραγιάννη;76;807-371-9442
99900000030;Χριστίνα;Παππά;96;467-397-2636
11015034917;Φωτεινή;Διαμαντή;80;202-268-8885
11015016802;Κατερίνα;Γεωργίου;67;746-431-4509
11015031625;Σοφία;Δημητρίου;94;382-870-8899
11015080643;Αγγελική;Πανταζή;24;573-270-2615
11015061307;Χριστίνα;Χατζή;48;447-893-7771
11015029585;Άννα;Σαμαρά;98;808-398-2865
11015060549;Νικολέτα;Αγγελιδάκη;70;902-541-2037
99900000031;Άννα;Μακρή;36;934-850-0988
11015041222;Μαρία;Καραγιάννη;78;114-480-8463
99900000032;Γεωργία;Βλάχου;4;323-444-3398
99900000033;Ελένη;Βλάχου;93;853-137-8734
11015006920;Φωτεινή;Κυριακού;59;986-996-0731
11015014608;Άννα;Γεωργίου;62;985-907-2329
11015000542;Αντωνία;Κωνσταντινίδου;100;573-778-3896
99900000034;Ευαγγελία;Κυριακού;36;373-450-2664
11015020478;Φωτεινή;Κωνσταντινίδου;73;931-290-5171
11015059178;Σοφία;Κυριακού;81;258-627-7432
11015067329;Ευαγγελία;Γεωργίου;83;517-967-8957
11015096583;Γεωργία;Παππά;74;898-873-1614
11015017400;Δήμητρα;Κυριακού;44;529-314-7713
11015025712;Αγγελική;Νικολάου;60;691-932-1147
11015038067;Μαρία;Παππά;55;756-168-9167
11015003601;Κατερίνα;Διαμαντή;60;608-588-7112
11015089305;Ιωάννα;Χατζή;23;358-276-4881
11015047422;Μαρία;Μιχαηλίδου;19;712-473-5494
11015005663;Κατερίνα;Παπαδοπούλου;72;960-550-1774
11015044513;Ευαγγελία;Μιχαηλίδου;52;725-443-9873
11015033133;Ελένη;Στεργίου;93;310-492-6155
11015022706;Βασιλική;Αγγελιδάκη;64;130-958-6362
11015030449;Χρύσα;Παππά;57;215-796-5319
99900000035;Ιωάννα;Ιωάννου;17;392-225-5149
11015017455;Δέσποινα;Χατζή;27;819-409-6947
11015018123;Δέσποινα;Βλάχου;51;993-653-7352
11015079940;Γεωργία;Κωνσταντινίδου;64;946-374-5954
11015058151;Φωτεινή;Παππά;74;194-863-9280
11015062324;Δέσποινα;Αγγελιδάκη;39;174-973-1106
11015085675;Ειρήνη;Διαμαντή;52;887-116-7937
11015089635;Ελένη;Γεωργίου;50;331-783-7939
11015070878;Μαρία;Κωνσταντινίδου;73;223-255-6858
11015051283;Ειρήνη;Διαμαντή;27;734-411-0043
11015050738;Μαρία;Παππά;2;180-101-4292
11015098830;Νικολέτα;Ιωάννου;43;944-823-8735
11015096529;Δήμητρα;Σαμαρά;20;149-818-8091
11015014083;Άννα;Καραγιάννη;99;108-473-2777
11015008857;Μαρίνα;Νικολάου;87;280-975-3723
11015014984;Κατερίνα;Οικονόμου;21;209-848-4497
11015044684;Αγγελική;Καραγιάννη;88;534-636-4100
11015056251;Ελένη;Βλάχου;47;951-737-6083
99900000036;Χριστίνα;Πανταζή;65;560-143-1213
99900000037;Αγγελική;Δημητρίου;70;749-236-9162
11015059908;Μαρίνα;Βλάχου;15;822-174-7070
99900000038;Χρύσα;Αγγελιδάκη;95;940-548-6420
11015063831;Αγγελική;Κυριακού;76;609-730-6755
11015082721;Κατερίνα;Βλάχου;22;801-683-2550
11015084676;Ειρήνη;Μιχαηλίδου;16;771-729-3818
11015040189;Ευαγγελία;Κωνσταντινίδου;95;284-599-9102
11015039832;Κατερίνα;Μακρή;38;295-641-6285
11015079904;Σοφία;Αγγελιδάκη;15;901-836-6657
11015029816;Χριστίνα;Αναστασιάδου;59;891-183-6138
11015000025;Ιωάννα;Νικολάου;89;445-776-7487
11015080929;Άννα;Δημητρίου;67;832-104-3178
11015047645;Νικολέτα;Καραγιάννη;45;864-818-3495
11015006449;Γεωργία;Νικολάου;99;670-941-0491
11015058482;Βασιλική;Κωνσταντινίδου;92;376-689-1385
11015064359;Δέσποινα;Παππά;62;720-700-0063
11015008866;Σοφία;Κυριακού;49;615-306-1256
99900000039;Αγγελική;Παππά;9;283-493-5915
11015015830;Σοφία;Καραγιάννη;21;443-784-5686
11015026597;Χριστίνα;Μακρή;75;598-791-6173
99900000040;Δήμητρα;Αγγελιδάκη;30;720-983-5473
11015065438;Ελένη;Αγγελιδάκη;47;278-365-5436
99900000041;Χρύσα;Γεωργίου;4;201-616-1901
99900000042;Δέσποινα;Νικολάου;57;673-376-4703
11015081269;Ειρήνη;Χατζή;54;918-857-2399
11015098368;Γεωργία;Σαμαρά;65;369-964-0340
11015088798;Φωτεινή;Γεωργίου;18;676-884-0887
99900000043;Δήμητρα;Αγγελιδάκη;18;878-952-4735
11015073982;Μαρία;Αναστασιάδου;70;666-297-7638
11015089813;Ιωάννα;Δημητρίου;80;634-165-9660
11015077844;Χριστίνα;Μιχαηλίδου;32;771-316-3594
11015073937;Ελένη;Πανταζή;68;606-655-2477
11015096404;Δήμητρα;Κυριακού;48;218-934-0451
11015006225;Άννα;Καραγιάννη;76;859-834-6299
11015015242;Σοφία;Μακρή;59;604-742-0236
11015055993;Μαρίνα;Γεωργίου;61;296-142-3195
11015065928;Χριστίνα;Πανταζή;41;343-990-1328
11015076818;Γεωργία;Διαμαντή;16;958-356-7679
11015025008;Φωτεινή;Σαμαρά;69;162-933-0121
11015016152;Αγγελική;Βλάχου;99;672-179-4734
11015030715;Ευαγγελία;Μιχαηλίδου;86;560-854-4962
11015031812;Φωτεινή;Ιωάννου;2;525-788-5159
11015062388;Κατερίνα;Νικολάου;35;881-385-5467
11015059392;Γεωργία;Βλάχου;99;871-724-1144
11015094219;Μαρία;Χατζή;97;942-747-5026
11015061496;Βασιλική;Μιχαηλίδου;100;519-493-8334
11015080475;Αλεξάνδρα;Οικονόμου;29;354-217-1531
11015075622;Ιωάννα;Κωνσταντινίδου;85;425-225-1666
11015036611;Αλεξάνδρα;Δημητρίου;79;714-363-5150
11015024544;Σοφία;Νικολάου;85;657-405-2443
11015052362;Μαρίνα;Κυριακού;16;309-273-2109
99900000044;Κατερίνα;Βλάχου;62;900-994-2589
11015038423;Ελένη;Διαμαντή;40;830-583-3366
11015079450;Χριστίνα;Βλάχου;40;971-335-3757
11015091294;Ευαγγελία;Ιωάννου;69;474-267-4107
11015044256;Νικολέτα;Κωνσταντινίδου;18;472-874-5152
11015056019;Ευαγγελία;Παπαδοπούλου;20;637-509-9376
11015014350;Χρύσα;Ιωάννου;79;496-636-7339
11015028764;Δήμητρα;Ιωάννου;56;704-863-9854
11015025794;Γεωργία;Στεργίου;98;680-803-0512
11015075908;Νικολέτα;Κυριακού;14;904-828-9300
11015073278;Βασιλική;Οικονόμου;51;954-599-8665
11015055109;Μαρία;Κυριακού;85;125-500-0275
11015070752;Άννα;Σαμαρά;22;310-966-9233
11015060013;Ευαγγελία;Δημητρίου;73;725-634-7500
11015006626;Μαρίνα;Οικονόμου;30;660-217-8786
11015042560;Μαρία;Κωνσταντινίδου;40;792-169-6157
11015087833;Μαρία;Στεργίου;24;170-497-2451
11015065072;Αντωνία;Καραγιάννη;59;174-399-3855
11015066142;Αγγελική;Κυριακού;50;998-120-5116
11015062468;Δήμητρα;Κωνσταντινίδου;86;836-922-2123
99900000045;Αλεξάνδρα;Σαμαρά;34;606-711-6818
11015063822;Δέσποινα;Αναστασιάδου;38;306-468-4515
11015001391;Άννα;Οικονόμου;73;813-286-4424
11015087753;Σοφία;Χατζή;62;521-834-8898
11015074188;Ευαγγελία;Αγγελιδάκη;77;494-631-0223
11015014403;Κατερίνα;Κυριακού;40;131-432-8167
11015031331;Νικολέτα;Βλάχου;25;520-511-8502
11015086111;Κατερίνα;Παππά;14;405-998-2317
11015085844;Μαρία;Κωνσταντινίδου;10;492-922-2742
11015037807;Μαρίνα;Γεωργίου;49;943-971-0685
11015090927;Γεωργία;Χατζή;69;476-565-9446
11015016919;Νικολέτα;Κυριακού;89;554-490-8225
11015047958;Φωτεινή;Μιχαηλίδου;33;136-829-7719
11015089831;Ελένη;Αγγελιδάκη;79;385-944-4642
21015032143;Φωτεινή;Γεωργίου;97;999-000-0000
21015073624;Αλεξάνδρα;Στεργίου;61;999-000-0001
21015074295;Γεωργία;Μιχαηλίδου;50;999-000-0002
21015080947;Σοφία;Οικονόμου;25;999-000-0003
21015055957;Αγγελική;Μιχαηλίδου;70;999-000-0004
21015007359;Χρύσα;Μακρή;74;999-000-0005
21015037317;Κατερίνα;Μιχαηλίδου;85;999-000-0006
21015001337;Αγγελική;Μακρή;98;999-000-0007
21015003022;Χριστίνα;Στεργίου;1;999-000-0008
21015090696;Φωτεινή;Σαμαρά;35;999-000-0009
21015050998;Ευαγγελία;Σαμαρά;19;999-000-0010
21015097886;Αγγελική;Χατζή;67;999-000-0011
21015038469;Ευαγγελία;Ιωάννου;54;999-000-0012
21015072803;Μαρίνα;Μιχαηλίδου;46;999-000-0013
21015079227;Ελένη;Μιχαηλίδου;38;999-000-0014
21015002336;Αγγελική;Ιωάννου;97;999-000-0015
21015078843;Δέσποινα;Κωνσταντινίδου;52;999-000-0016
21015012227;Μαρίνα;Πανταζή;18;999-000-0017
21015099063;Κατερίνα;Χατζή;70;999-000-0018
21015008777;Χρύσα;Παππά;34;999-000-0019
21015087307;Ελένη;Γεωργίου;61;999-000-0020
21015018604;Νικολέτα;Μιχαηλίδου;5;999-000-0021
21015093229;Δήμητρα;Πανταζή;24;999-000-0022
21015077103;Γεωργία;Γεωργίου;84;999-000-0023
21015034828;Αλεξάνδρα;Μιχαηλίδου;96;999-000-0024
21015076159;Χριστίνα;Ιωάννου;76;999-000-0025
21015096645;Γεωργία;Νικολάου;89;999-000-0026
21015014127;Σοφία;Διαμαντή;39;999-000-0027
21015066473;Ευαγγελία;Μακρή;8;999-000-0028
21015061156;Χρύσα;Μιχαηλίδου;68;999-000-0029
21015026999;Χρύσα;Καραγιάννη;59;999-000-0030
21015094727;Χρύσα;Μακρή;36;999-000-0031
21015051979;Αντωνία;Κωνσταντινίδου;75;999-000-0032
21015041650;Ιωάννα;Κωνσταντινίδου;76;999-000-0033
21015092541;Ιωάννα;Παπαδοπούλου;17;999-000-0034
21015026221;Χριστίνα;Παπαδοπούλου;40;999-000-0035
21015050587;Ελένη;Αναστασιάδου;67;999-000-0036
21015051194;Ιωάννα;Ιωάννου;7;999-000-0037
21015035499;Βασιλική;Σαμαρά;71;999-000-0038
21015038780;Χρύσα;Βλάχου;94;999-000-0039
21015038307;Δήμητρα;Αγγελιδάκη;51;999-000-0040
21015093390;Αγγελική;Κυριακού;15;999-000-0041
21015074357;Δήμητρα;Μιχαηλίδου;17;999-000-0042
21015059551;Ευαγγελία;Οικονόμου;53;999-000-0043
21015087931;Αγγελική;Καραγιάννη;27;999-000-0044
21015069871;Ιωάννα;Αγγελιδάκη;44;999-000-0045
21015054930;Γεωργία;Χατζή;13;999-000-0046
21015071902;Αγγελική;Βλάχου;55;999-000-0047
21015041990;Ελένη;Μιχαηλίδου;10;999-000-0048
21015052923;Δέσποινα;Μακρή;78;999-000-0049
21015022813;Αντωνία;Στεργίου;22;999-000-0050
21015030145;Ειρήνη;Κυριακού;38;999-000-0051
21015071644;Ειρήνη;Αγγελιδάκη;47;999-000-0052
21015003086;Άννα;Βλάχου;80;999-000-0053
21015044951;Ιωάννα;Διαμαντή;49;999-000-0054
21015091203;Ευαγγελία;Αναστασιάδου;1;999-000-0055
21015058240;Αγγελική;Ιωάννου;57;999-000-0056
21015015028;Μαρίνα;Ιωάννου;4;999-000-0057
21015004799;Φωτεινή;Διαμαντή;56;999-000-0058
21015021985;Κατερίνα;Καραγιάννη;26;999-000-0059
21015074151;Μαρίνα;Μιχαηλίδου;50;999-000-0060
21015047725;Δέσποινα;Αγγελιδάκη;16;999-000-0061
21015084328;Δέσποινα;Σαμαρά;92;999-000-0062
21015052371;Χρύσα;Βλάχου;77;999-000-0063
21015076952;Γεωργία;Μακρή;85;999-000-0064
21015075524;Σοφία;Μιχαηλίδου;22;999-000-0065
21015066455;Ειρήνη;Αγγελιδάκη;13;999-000-0066
21015005752;Βασιλική;Μακρή;6;999-000-0067
21015087637;Δέσποινα;Παππά;61;999-000-0068
21015064821;Σοφία;Νικολάου;92;999-000-0069
21015038487;Βασιλική;Διαμαντή;63;999-000-0070
21015004762;Κατερίνα;Παππά;1;999-000-0071
21015021217;Κατερίνα;Μακρή;91;999-000-0072
21015049983;Φωτεινή;Νικολάου;68;999-000-0073
21015065571;Δήμητρα;Καραγιάννη;56;999-000-0074
21015096226;Μαρίνα;Αναστασιάδου;60;999-000-0075
21015076514;Μαρίνα;Νικολάου;32;999-000-0076
21015009749;Νικολέτα;Νικολάου;43;999-000-0077
21015028014;Μαρίνα;Διαμαντή;79;999-000-0078
21015097001;Ειρήνη;Αγγελιδάκη;27;999-000-0079
31015032143;Αντωνία;Αγγελιδάκη;64;999-000-0080
31015073624;Γεωργία;Δημητρίου;12;999-000-0081
31015074295;Δέσποινα;Κυριακού;86;999-000-0082
31015080947;Δέσποινα;Στεργίου;68;999-000-0083
31015055957;Χρύσα;Κωνσταντινίδου;88;999-000-0084
31015007359;Άννα;Αγγελιδάκη;84;999-000-0085
31015037317;Δήμητρα;Πανταζή;21;999-000-0086
31015001337;Κατερίνα;Ιωάννου;56;999-000-0087
31015003022;Χρύσα;Νικολάου;17;999-000-0088
31015090696;Φωτεινή;Στεργίου;1;999-000-0089
31015050998;Αγγελική;Κωνσταντινίδου;49;999-000-0090
31015097886;Κατερίνα;Παππά;44;999-000-0091
31015038469;Δήμητρα;Παππά;18;999-000-0092
31015072803;Δέσποινα;Δημητρίου;18;999-000-0093
31015079227;Δήμητρα;Αγγελιδάκη;100;999-000-0094
31015002336;Νικολέτα;Κυριακού;82;999-000-0095
31015078843;Βασιλική;Κυριακού;29;999-000-0096
31015012227;Νικολέτα;Οικονόμου;67;999-000-0097
31015099063;Δέσποινα;Παπαδοπούλου;10;999-000-0098
31015008777;Ευαγγελία;Αναστασιάδου;92;999-000-0099
31015087307;Ελένη;Νικολάου;48;999-000-0100
31015018604;Αντωνία;Ιωάννου;23;999-000-0101
31015093229;Ιωάννα;Γεωργίου;5;999-000-0102
31015077103;Δήμητρα;Δημητρίου;86;999-000-0103
31015034828;Βασιλική;Χατζή;9;999-000-0104
31015076159;Ειρήνη;Μιχαηλίδου;24;999-000-0105
31015096645;Νικολέτα;Αγγελιδάκη;17;999-000-0106
31015014127;Γεωργία;Αναστασιάδου;86;999-000-0107
31015066473;Βασιλική;Διαμαντή;83;999-000-0108
31015061156;Αντωνία;Στεργίου;24;999-000-0109
31015026999;Δήμητρα;Βλάχου;33;999-000-0110
31015094727;Άννα;Μακρή;60;999-000-0111
31015051979;Μαρία;Κωνσταντινίδου;44;999-000-0112
31015041650;Αλεξάνδρα;Κυριακού;22;999-000-0113
31015092541;Μαρίνα;Κυριακού;82;999-000-0114
31015026221;Δήμητρα;Παππά;27;999-000-0115
31015050587;Δέσποινα;Παππά;41;999-000-0116
31015051194;Άννα;Οικονόμου;100;999-000-0117
31015035499;Αντωνία;Πανταζή;94;999-000-0118
31015038780;Ειρήνη;Μακρή;21;999-000-0119
31015038307;Σοφία;Κωνσταντινίδου;50;999-000-0120
31015093390;Νικολέτα;Κυριακού;31;999-000-0121
31015074357;Φωτεινή;Αγγελιδάκη;91;999-000-0122
31015059551;Αλεξάνδρα;Διαμαντή;80;999-000-0123
31015087931;Δήμητρα;Στεργίου;53;999-000-0124
31015069871;Αντωνία;Δημητρίου;61;999-000-0125
31015054930;Αλεξάνδρα;Παπαδοπούλου;46;999-000-0126
31015071902;Αγγελική;Ιωάννου;9;999-000-0127
31015041990;Μαρία;Αναστασιάδου;97;999-000-0128
31015052923;Ιωάννα;Νικολάου;47;999-000-0129
31015022813;Βασιλική;Γεωργίου;64;999-000-0130
31015030145;Μαρία;Δημητρίου;89;999-000-0131
31015071644;Μαρία;Μακρή;62;999-000-0132
31015003086;Βασιλική;Βλάχου;3;999-000-0133
31015044951;Άννα;Πανταζή;37;999-000-0134
31015091203;Αγγελική;Κωνσταντινίδου;44;999-000-0135
31015058240;Δέσποινα;Οικονόμου;52;999-000-0136
31015015028;Βασιλική;Δημητρίου;92;999-000-0137
31015004799;Σοφία;Χατζή;75;999-000-0138
31015021985;Μαρία;Ιωάννου;23;999-000-0139
31015074151;Βασιλική;Παπαδοπούλου;85;999-000-0140
31015047725;Μαρίνα;Κωνσταντινίδου;13;999-000-0141
31015084328;Γεωργία;Πανταζή;46;999-000-0142
31015052371;Νικολέτα;Διαμαντή;80;999-000-0143
31015076952;Σοφία;Νικολάου;98;999-000-0144
31015075524;Μαρίνα;Καραγιάννη;21;999-000-0145
31015066455;Σοφία;Γεωργίου;50;999-000-0146
31015005752;Δήμητρα;Πανταζή;47;999-000-0147
31015087637;Μαρία;Γεωργίου;55;999-000-0148
31015064821;Μαρία;Πανταζή;29;999-000-0149
31015038487;Ειρήνη;Δημητρίου;65;999-000-0150
31015004762;Κατερίνα;Στεργίου;91;999-000-0151
31015021217;Άννα;Σαμαρά;62;999-000-0152
31015049983;Ελένη;Νικολάου;33;999-000-0153
31015065571;Αγγελική;Μακρή;58;999-000-0154
31015096226;Άννα;Βλάχου;56;999-000-0155
31015076514;Ειρήνη;Καραγιάννη;8;999-000-0156
31015009749;Αντωνία;Βλάχου;83;999-000-0157
31015028014;Γεωργία;Μακρή;58;999-000-0158
31015097001;Αντωνία;Βλάχου;20;999-000-0159
41015032143;Νικολέτα;Ιωάννου;29;999-000-0160
41015073624;Αντωνία;Βλάχου;7;999-000-0161
41015074295;Γεωργία;Δημητρίου;22;999-000-0162
41015080947;Χριστίνα;Νικολάου;22;999-000-0163
41015055957;Άννα;Νικολάου;3;999-000-0164
41015007359;Σοφία;Κυριακού;61;999-000-0165
41015037317;Άννα;Νικολάου;29;999-000-0166
41015001337;Άννα;Διαμαντή;54;999-000-0167
41015003022;Ελένη;Οικονόμου;45;999-000-0168
41015090696;Αλεξάνδρα;Παπαδοπούλου;19;999-000-0169
41015050998;Άννα;Δημητρίου;97;999-000-0170
41015097886;Σοφία;Αγγελιδάκη;25;999-000-0171
41015038469;Βασιλική;Κωνσταντινίδου;47;999-000-0172
41015072803;Σοφία;Διαμαντή;33;999-000-0173
41015079227;Σοφία;Γεωργίου;1;999-000-0174
41015002336;Σοφία;Αναστασιάδου;20;999-000-0175
41015078843;Αντωνία;Κυριακού;12;999-000-0176
41015012227;Βασιλική;Δημητρίου;81;999-000-0177
41015099063;Ειρήνη;Πανταζή;98;999-000-0178
41015008777;Μαρίνα;Καραγιάννη;31;999-000-0179
41015087307;Αγγελική;Διαμαντή;96;999-000-0180
41015018604;Κατερίνα;Αναστασιάδου;32;999-000-0181
41015093229;Δέσποινα;Χατζή;52;999-000-0182
41015077103;Δέσποινα;Πανταζή;92;999-000-0183
41015034828;Γεωργία;Χατζή;44;999-000-0184
41015076159;Φωτεινή;Χατζή;87;999-000-0185
41015096645;Αντωνία;Παππά;18;999-000-0186
41015014127;Φωτεινή;Δημητρίου;74;999-000-0187
41015066473;Γεωργία;Ιωάννου;22;999-000-0188
41015061156;Ευαγγελία;Κυριακού;61;999-000-0189
41015026999;Δέσποινα;Διαμαντή;15;999-000-0190
41015094727;Άννα;Πανταζή;73;999-000-0191
41015051979;Αντωνία;Κωνσταντινίδου;93;999-000-0192
41015041650;Δέσποινα;Διαμαντή;34;999-000-0193
41015092541;Δήμητρα;Οικονόμου;15;999-000-0194
41015026221;Χρύσα;Καραγιάννη;45;999-000-0195
41015050587;Άννα;Οικονόμου;84;999-000-0196
41015051194;Φωτεινή;Νικολάου;22;999-000-0197
41015035499;Ειρήνη;Στεργίου;40;999-000-0198
41015038780;Γεωργία;Διαμαντή;87;999-000-0199
41015038307;Αγγελική;Στεργίου;41;999-000-0200
41015093390;Αντωνία;Παπαδοπούλου;13;999-000-0201
41015074357;Ελένη;Γεωργίου;19;999-000-0202
41015059551;Δήμητρα;Δημητρίου;42;999-000-0203
41015087931;Αλεξάνδρα;Χατζή;93;999-000-0204
41015069871;Ειρήνη;Κωνσταντινίδου;61;999-000-0205
41015054930;Νικολέτα;Αγγελιδάκη;59;999-000-0206
41015071902;Αντωνία;Δημητρίου;73;999-000-0207
41015041990;Ευαγγελία;Κωνσταντινίδου;44;999-000-0208
41015052923;Φωτεινή;Καραγιάννη;34;999-000-0209
41015022813;Κατερίνα;Νικολάου;94;999-000-0210
41015030145;Κατερίνα;Νικολάου;85;999-000-0211
41015071644;Γεωργία;Αγγελιδάκη;79;999-000-0212
41015003086;Σοφία;Αναστασιάδου;66;999-000-0213
41015044951;Άννα;Αναστασιάδου;89;999-000-0214
41015091203;Βασιλική;Πανταζή;26;999-000-0215
41015058240;Άννα;Διαμαντή;45;999-000-0216
41015015028;Ειρήνη;Στεργίου;53;999-000-0217
41015004799;Χρύσα;Καραγιάννη;32;999-000-0218
41015021985;Χρύσα;Μιχαηλίδου;37;999-000-0219
21015086610;Μαρίνα;Ιωάννου;11;999-000-0220
21015098983;Φωτεινή;Κωνσταντινίδου;69;999-000-0221
21015043337;Αλεξάνδρα;Κωνσταντινίδου;20;999-000-0222
21015037601;Μαρίνα;Μακρή;48;999-000-0223
21015077951;Άννα;Οικονόμου;80;999-000-0224
21015090865;Αγγελική;Παππά;18;999-000-0225
21015008740;Νικολέτα;Αναστασιάδου;92;999-000-0226
21015030181;Βασιλική;Οικονόμου;46;999-000-0227
21015066384;Δέσποινα;Δημητρίου;89;999-000-0228
21015071127;Δήμητρα;Παππά;8;999-000-0229
21015025311;Άννα;Γεωργίου;66;999-000-0230
21015030831;Χριστίνα;Κυριακού;53;999-000-0231
21015012325;Αγγελική;Παπαδοπούλου;43;999-000-0232
21015047985;Αντωνία;Δημητρίου;85;999-000-0233
21015087316;Γεωργία;Παπαδοπούλου;7;999-000-0234
21015016429;Βασιλική;Αγγελιδάκη;56;999-000-0235
21015020968;Σοφία;Βλάχου;21;999-000-0236
21015054538;Ελένη;Οικονόμου;14;999-000-0237
21015084621;Ευαγγελία;Μιχαηλίδου;58;999-000-0238
21015063270;Νικολέτα;Χατζή;11;999-000-0239
21015047342;Αντωνία;Σαμαρά;63;999-000-0240
21015065624;Μαρίνα;Μιχαηλίδου;46;999-000-0241
21015058632;Ειρήνη;Αγγελιδάκη;70;999-000-0242
21015024198;Σοφία;Νικολάου;74;999-000-0243
21015015607;Βασιλική;Στεργίου;69;999-000-0244
21015072046;Αντωνία;Αγγελιδάκη;22;999-000-0245
21015025259;Κατερίνα;Χατζή;97;999-000-0246
21015031411;Δέσποινα;Καραγιάννη;69;999-000-0247
21015057517;Χρύσα;Οικονόμου;98;999-000-0248
21015077559;Ιωάννα;Οικονόμου;43;999-000-0249
21015037399;Νικολέτα;Αναστασιάδου;34;999-000-0250
21015005798;Αγγελική;Μιχαηλίδου;100;999-000-0251
21015054967;Ιωάννα;Πανταζή;62;999-000-0252
21015019015;Χριστίνα;Ιωάννου;92;999-000-0253
21015056224;Ευαγγελία;Κωνσταντινίδου;10;999-000-0254
21015052273;Αλεξάνδρα;Αναστασιάδου;14;999-000-0255
21015029905;Μαρίνα;Παπαδοπούλου;95;999-000-0256
21015089421;Γεωργία;Αναστασιάδου;96;999-000-0257
21015083392;Ιωάννα;Καραγιάννη;100;999-000-0258
21015070805;Γεωργία;Σαμαρά;88;999-000-0259
21015069292;Ειρήνη;Αναστασιάδου;90;999-000-0260
29900000001;Δέσποινα;Πανταζή;55;999-000-0261
29900000002;Φωτεινή;Βλάχου;35;999-000-0262
21015073161;Γεωργία;Παππά;60;999-000-0263
21015072732;Ελένη;Διαμαντή;29;999-000-0264
21015015206;Δέσποινα;Βλάχου;99;999-000-0265
21015032054;Γεωργία;Αναστασιάδου;68;999-000-0266
21015003451;Χριστίνα;Στεργίου;80;999-000-0267
21015007938;Αντωνία;Μιχαηλίδου;90;999-000-0268
21015070182;Δήμητρα;Γεωργίου;99;999-000-0269
21015082758;Αγγελική;Διαμαντή;98;999-000-0270
21015072126;Κατερίνα;Διαμαντή;11;999-000-0271
21015067043;Αλεξάνδρα;Παπαδοπούλου;27;999-000-0272
21015032456;Ειρήνη;Νικολάου;49;999-000-0273
21015028853;Χριστίνα;Διαμαντή;14;999-000-0274
21015009847;Μαρία;Κυριακού;73;999-000-0275
21015063289;Νικολέτα;Αγγελιδάκη;87;999-000-0276
21015078656;Φωτεινή;Παπαδοπούλου;61;999-000-0277
21015060219;Αλεξάνδρα;Κωνσταντινίδου;87;999-000-0278
21015019596;Αντωνία;Βλάχου;80;999-000-0279
21015003610;Χρύσα;Κωνσταντινίδου;22;999-000-0280
21015075409;Αλεξάνδρα;Πανταζή;53;999-000-0281
21015040946;Δέσποινα;Στεργίου;70;999-000-0282
21015056171;Γεωργία;Γεωργίου;55;999-000-0283
21015095209;Ειρήνη;Δημητρίου;74;999-000-0284
21015004165;Βασιλική;Χατζή;96;999-000-0285
21015030092;Δέσποινα;Κωνσταντινίδου;51;999-000-0286
21015016223;Ειρήνη;Καραγιάννη;97;999-000-0287
21015049778;Άννα;Διαμαντή;85;999-000-0288
21015073045;Χριστίνα;Κυριακού;71;999-000-0289
21015092462;Μαρία;Σαμαρά;88;999-000-0290
21015056000;Άννα;Παπαδοπούλου;17;999-000-0291
21015072420;Άννα;Οικονόμου;51;999-000-0292
21015083034;Μαρία;Κωνσταντινίδου;65;999-000-0293
21015037200;Ιωάννα;Διαμαντή;66;999-000-0294
21015074231;Ευαγγελία;Νικολάου;21;999-000-0295
21015092239;Αλεξάνδρα;Αγγελιδάκη;51;999-000-0296
21015068774;Ευαγγελία;Αγγελιδάκη;13;999-000-0297
21015012548;Ευαγγελία;Αγγελιδάκη;91;999-000-0298
21015002595;Σοφία;Παπαδοπούλου;6;999-000-0299
21015046423;Φωτεινή;Παππά;84;999-000-0300
21015085274;Αντωνία;Γεωργίου;43;999-000-0301
21015092006;Αλεξάνδρα;Κυριακού;64;999-000-0302
21015003576;Δήμητρα;Πανταζή;61;999-000-0303
21015023590;Βασιλική;Παππά;35;999-000-0304
21015054994;Άννα;Νικολάου;88;999-000-0305
21015069746;Ελένη;Βλάχου;29;999-000-0306
21015011488;Γεωργία;Διαμαντή;95;999-000-0307
21015080368;Αλεξάνδρα;Κωνσταντινίδου;39;999-000-0308
21015063751;Αλεξάνδρα;Διαμαντή;94;999-000-0309
21015011013;Ειρήνη;Αγγελιδάκη;55;999-000-0310
21015095539;Ελένη;Βλάχου;81;999-000-0311
21015024786;Μαρία;Γεωργίου;80;999-000-0312
21015022458;Άννα;Αγγελιδάκη;9;999-000-0313
21015033188;Ιωάννα;Γεωργίου;94;999-000-0314
21015099991;Χριστίνα;Κωνσταντινίδου;65;999-000-0315
21015011825;Ελένη;Καραγιάννη;46;999-000-0316
21015010700;Σοφία;Δημητρίου;50;999-000-0317
21015088752;Άννα;Μιχαηλίδου;9;999-000-0318
21015076738;Άννα;Καραγιάννη;59;999-000-0319
21015035872;Φωτεινή;Πανταζή;27;999-000-0320
21015085746;Ειρήνη;Παπαδοπούλου;78;999-000-0321
21015029665;Αλεξάνδρα;Αγγελιδάκη;65;999-000-0322
21015081795;Δέσποινα;Οικονόμου;34;999-000-0323
21015007536;Άννα;Νικολάου;1;999-000-0324
21015095655;Βασιλική;Μακρή;14;999-000-0325
21015048804;Φωτεινή;Παπαδοπούλου;97;999-000-0326
21015086326;Φωτεινή;Ιωάννου;22;999-000-0327
21015020423;Κατερίνα;Κυριακού;66;999-000-0328
21015005351;Βασιλική;Αγγελιδάκη;92;999-000-0329
21015079851;Φωτεινή;Γεωργίου;97;999-000-0330
21015096155;Αλεξάνδρα;Στεργίου;61;999-000-0331
21015001382;Γεωργία;Μιχαηλίδου;50;999-000-0332
21015076756;Σοφία;Οικονόμου;25;999-000-0333
21015027658;Αγγελική;Μιχαηλίδου;70;999-000-0334
21015016447;Χρύσα;Μακρή;74;999-000-0335
21015014289;Κατερίνα;Μιχαηλίδου;85;999-000-0336
21015046272;Αγγελική;Μακρή;98;999-000-0337
21015040027;Χριστίνα;Στεργίου;1;999-000-0338
21015079815;Φωτεινή;Σαμαρά;35;999-000-0339
21015020593;Ευαγγελία;Σαμαρά;19;999-000-0340
21015017286;Αγγελική;Χατζή;67;999-000-0341
21015071494;Ευαγγελία;Ιωάννου;54;999-000-0342
21015007670;Μαρίνα;Μιχαηλίδου;46;999-000-0343
21015009598;Ελένη;Μιχαηλίδου;38;999-000-0344
21015007965;Αγγελική;Ιωάννου;97;999-000-0345
21015097582;Δέσποινα;Κωνσταντινίδου;52;999-000-0346
21015077871;Μαρίνα;Πανταζή;18;999-000-0347
21015061245;Κατερίνα;Χατζή;70;999-000-0348
21015075695;Χρύσα;Παππά;34;999-000-0349
21015037674;Ελένη;Γεωργίου;61;999-000-0350
21015090543;Νικολέτα;Μιχαηλίδου;5;999-000-0351
21015001275;Δήμητρα;Πανταζή;24;999-000-0352
21015036871;Γεωργία;Γεωργίου;84;999-000-0353
21015071591;Αλεξάνδρα;Μιχαηλίδου;96;999-000-0354
21015057679;Χριστίνα;Ιωάννου;76;999-000-0355
21015026953;Γεωργία;Νικολάου;89;999-000-0356
21015076266;Σοφία;Διαμαντή;39;999-000-0357
21015035694;Ευαγγελία;Μακρή;8;999-000-0358
21015003157;Χρύσα;Μιχαηλίδου;68;999-000-0359
21015042427;Χρύσα;Καραγιάννη;59;999-000-0360
21015066730;Χρύσα;Μακρή;36;999-000-0361
21015093808;Αντωνία;Κωνσταντινίδου;75;999-000-0362
21015015395;Ιωάννα;Κωνσταντινίδου;76;999-000-0363
21015071993;Ιωάννα;Παπαδοπούλου;17;999-000-0364
21015011442;Χριστίνα;Παπαδοπούλου;40;999-000-0365
21015059301;Ελένη;Αναστασιάδου;67;999-000-0366
21015003200;Ιωάννα;Ιωάννου;7;999-000-0367
21015071485;Βασιλική;Σαμαρά;71;999-000-0368
21015094200;Χρύσα;Βλάχου;94;999-000-0369
31015086610;Δήμητρα;Αγγελιδάκη;51;999-000-0370
31015098983;Αγγελική;Κυριακού;15;999-000-0371
31015043337;Δήμητρα;Μιχαηλίδου;17;999-000-0372
31015037601;Ευαγγελία;Οικονόμου;53;999-000-0373
31015077951;Αγγελική;Καραγιάννη;27;999-000-0374
31015090865;Ιωάννα;Αγγελιδάκη;44;999-000-0375
31015008740;Γεωργία;Χατζή;13;999-000-0376
31015030181;Αγγελική;Βλάχου;55;999-000-0377
31015066384;Ελένη;Μιχαηλίδου;10;999-000-0378
31015071127;Δέσποινα;Μακρή;78;999-000-0379
31015025311;Αντωνία;Στεργίου;22;999-000-0380
31015030831;Ειρήνη;Κυριακού;38;999-000-0381
31015012325;Ειρήνη;Αγγελιδάκη;47;999-000-0382
31015047985;Άννα;Βλάχου;80;999-000-0383
31015087316;Ιωάννα;Διαμαντή;49;999-000-0384
31015016429;Ευαγγελία;Αναστασιάδου;1;999-000-0385
31015020968;Αγγελική;Ιωάννου;57;999-000-0386
31015054538;Μαρίνα;Ιωάννου;4;999-000-0387
31015084621;Φωτεινή;Διαμαντή;56;999-000-0388
31015063270;Κατερίνα;Καραγιάννη;26;999-000-0389
31015047342;Μαρίνα;Μιχαηλίδου;50;999-000-0390
31015065624;Δέσποινα;Αγγελιδάκη;16;999-000-0391
31015058632;Δέσποινα;Σαμαρά;92;999-000-0392
31015024198;Χρύσα;Βλάχου;77;999-000-0393
31015015607;Γεωργία;Μακρή;85;999-000-0394
31015072046;Σοφία;Μιχαηλίδου;22;999-000-0395
31015025259;Ειρήνη;Αγγελιδάκη;13;999-000-0396
31015031411;Βασιλική;Μακρή;6;999-000-0397
31015057517;Δέσποινα;Παππά;61;999-000-0398
31015077559;Σοφία;Νικολάου;92;999-000-0399
31015037399;Βασιλική;Διαμαντή;63;999-000-0400
31015005798;Κατερίνα;Παππά;1;999-000-0401
31015054967;Κατερίνα;Μακρή;91;999-000-0402
31015019015;Φωτεινή;Νικολάου;68;999-000-0403
31015056224;Δήμητρα;Καραγιάννη;56;999-000-0404
31015052273;Μαρίνα;Αναστασιάδου;60;999-000-0405
31015029905;Μαρίνα;Νικολάου;32;999-000-0406
31015089421;Νικολέτα;Νικολάου;43;999-000-0407
31015083392;Μαρίνα;Διαμαντή;79;999-000-0408
31015070805;Ειρήνη;Αγγελιδάκη;27;999-000-0409
31015069292;Αντωνία;Αγγελιδάκη;64;999-000-0410
39900000001;Γεωργία;Δημητρίου;12;999-000-0411
39900000002;Δέσποινα;Κυριακού;86;999-000-0412
31015073161;Δέσποινα;Στεργίου;68;999-000-0413
31015072732;Χρύσα;Κωνσταντινίδου;88;999-000-0414
31015015206;Άννα;Αγγελιδάκη;84;999-000-0415
31015032054;Δήμητρα;Πανταζή;21;999-000-0416
31015003451;Κατερίνα;Ιωάννου;56;999-000-0417
31015007938;Χρύσα;Νικολάου;17;999-000-0418
31015070182;Φωτεινή;Στεργίου;1;999-000-0419
31015082758;Αγγελική;Κωνσταντινίδου;49;999-000-0420
31015072126;Κατερίνα;Παππά;44;999-000-0421
31015067043;Δήμητρα;Παππά;18;999-000-0422
31015032456;Δέσποινα;Δημητρίου;18;999-000-0423
31015028853;Δήμητρα;Αγγελιδάκη;100;999-000-0424
31015009847;Νικολέτα;Κυριακού;82;999-000-0425
31015063289;Βασιλική;Κυριακού;29;999-000-0426
31015078656;Νικολέτα;Οικονόμου;67;999-000-0427
31015060219;Δέσποινα;Παπαδοπούλου;10;999-000-0428
31015019596;Ευαγγελία;Αναστασιάδου;92;999-000-0429
31015003610;Ελένη;Νικολάου;48;999-000-0430
31015075409;Αντωνία;Ιωάννου;23;999-000-0431
31015040946;Ιωάννα;Γεωργίου;5;999-000-0432
31015056171;Δήμητρα;Δημητρίου;86;999-000-0433
31015095209;Βασιλική;Χατζή;9;999-000-0434
31015004165;Ειρήνη;Μιχαηλίδου;24;999-000-0435
31015030092;Νικολέτα;Αγγελιδάκη;17;999-000-0436
31015016223;Γεωργία;Αναστασιάδου;86;999-000-0437
31015049778;Βασιλική;Διαμαντή;83;999-000-0438
31015073045;Αντωνία;Στεργίου;24;999-000-0439
31015092462;Δήμητρα;Βλάχου;33;999-000-0440
31015056000;Άννα;Μακρή;60;999-000-0441
31015072420;Μαρία;Κωνσταντινίδου;44;999-000-0442
31015083034;Αλεξάνδρα;Κυριακού;22;999-000-0443
31015037200;Μαρίνα;Κυριακού;82;999-000-0444
31015074231;Δήμητρα;Παππά;27;999-000-0445
31015092239;Δέσποινα;Παππά;41;999-000-0446
31015068774;Άννα;Οικονόμου;100;999-000-0447
31015012548;Αντωνία;Πανταζή;94;999-000-0448
31015002595;Ειρήνη;Μακρή;21;999-000-0449
31015046423;Σοφία;Κωνσταντινίδου;50;999-000-0450
31015085274;Νικολέτα;Κυριακού;31;999-000-0451
31015092006;Φωτεινή;Αγγελιδάκη;91;999-000-0452
31015003576;Αλεξάνδρα;Διαμαντή;80;999-000-0453
31015023590;Δήμητρα;Στεργίου;53;999-000-0454
31015054994;Αντωνία;Δημητρίου;61;999-000-0455
31015069746;Αλεξάνδρα;Παπαδοπούλου;46;999-000-0456
31015011488;Αγγελική;Ιωάννου;9;999-000-0457
31015080368;Μαρία;Αναστασιάδου;97;999-000-0458
31015063751;Ιωάννα;Νικολάου;47;999-000-0459
31015011013;Βασιλική;Γεωργίου;64;999-000-0460
31015095539;Μαρία;Δημητρίου;89;999-000-0461
31015024786;Μαρία;Μακρή;62;999-000-0462
31015022458;Βασιλική;Βλάχου;3;999-000-0463
31015033188;Άννα;Πανταζή;37;999-000-0464
31015099991;Αγγελική;Κωνσταντινίδου;44;999-000-0465
31015011825;Δέσποινα;Οικονόμου;52;999-000-0466
31015010700;Βασιλική;Δημητρίου;92;999-000-0467
31015088752;Σοφία;Χατζή;75;999-000-0468
31015076738;Μαρία;Ιωάννου;23;999-000-0469
31015035872;Βασιλική;Παπαδοπούλου;85;999-000-0470
31015085746;Μαρίνα;Κωνσταντινίδου;13;999-000-0471
31015029665;Γεωργία;Πανταζή;46;999-000-0472
31015081795;Νικολέτα;Διαμαντή;80;999-000-0473
31015007536;Σοφία;Νικολάου;98;999-000-0474
31015095655;Μαρίνα;Καραγιάννη;21;999-000-0475
31015048804;Σοφία;Γεωργίου;50;999-000-0476
31015086326;Δήμητρα;Πανταζή;47;999-000-0477
31015020423;Μαρία;Γεωργίου;55;999-000-0478
31015005351;Μαρία;Πανταζή;29;999-000-0479
31015079851;Ειρήνη;Δημητρίου;65;999-000-0480
31015096155;Κατερίνα;Στεργίου;91;999-000-0481
31015001382;Άννα;Σαμαρά;62;999-000-0482
31015076756;Ελένη;Νικολάου;33;999-000-0483
31015027658;Αγγελική;Μακρή;58;999-000-0484
31015016447;Άννα;Βλάχου;56;999-000-0485
31015014289;Ειρήνη;Καραγιάννη;8;999-000-0486
31015046272;Αντωνία;Βλάχου;83;999-000-0487
31015040027;Γεωργία;Μακρή;58;999-000-0488
31015079815;Αντωνία;Βλάχου;20;999-000-0489
31015020593;Νικολέτα;Ιωάννου;29;999-000-0490
31015017286;Αντωνία;Βλάχου;7;999-000-0491
31015071494;Γεωργία;Δημητρίου;22;999-000-0492
31015007670;Χριστίνα;Νικολάου;22;999-000-0493
31015009598;Άννα;Νικολάου;3;999-000-0494
31015007965;Σοφία;Κυριακού;61;999-000-0495
31015097582;Άννα;Νικολάου;29;999-000-0496
31015077871;Άννα;Διαμαντή;54;999-000-0497
31015061245;Ελένη;Οικονόμου;45;999-000-0498
31015075695;Αλεξάνδρα;Παπαδοπούλου;19;999-000-0499
31015037674;Άννα;Δημητρίου;97;999-000-0500
31015090543;Σοφία;Αγγελιδάκη;25;999-000-0501
31015001275;Βασιλική;Κωνσταντινίδου;47;999-000-0502
31015036871;Σοφία;Διαμαντή;33;999-000-0503
31015071591;Σοφία;Γεωργίου;1;999-000-0504
31015057679;Σοφία;Αναστασιάδου;20;999-000-0505
31015026953;Αντωνία;Κυριακού;12;999-000-0506
31015076266;Βασιλική;Δημητρίου;81;999-000-0507
31015035694;Ειρήνη;Πανταζή;98;999-000-0508
31015003157;Μαρίνα;Καραγιάννη;31;999-000-0509
31015042427;Αγγελική;Διαμαντή;96;999-000-0510
31015066730;Κατερίνα;Αναστασιάδου;32;999-000-0511
31015093808;Δέσποινα;Χατζή;52;999-000-0512
31015015395;Δέσποινα;Πανταζή;92;999-000-0513
31015071993;Γεωργία;Χατζή;44;999-000-0514
31015011442;Φωτεινή;Χατζή;87;999-000-0515
31015059301;Αντωνία;Παππά;18;999-000-0516
31015003200;Φωτεινή;Δημητρίου;74;999-000-0517
31015071485;Γεωργία;Ιωάννου;22;999-000-0518
31015094200;Ευαγγελία;Κυριακού;61;999-000-0519
41015086610;Δέσποινα;Διαμαντή;15;999-000-0520
41015098983;Άννα;Πανταζή;73;999-000-0521
41015043337;Αντωνία;Κωνσταντινίδου;93;999-000-0522
41015037601;Δέσποινα;Διαμαντή;34;999-000-0523
41015077951;Δήμητρα;Οικονόμου;15;999-000-0524
41015090865;Χρύσα;Καραγιάννη;45;999-000-0525
41015008740;Άννα;Οικονόμου;84;999-000-0526
41015030181;Φωτεινή;Νικολάου;22;999-000-0527
41015066384;Ειρήνη;Στεργίου;40;999-000-0528
41015071127;Γεωργία;Διαμαντή;87;999-000-0529
41015025311;Αγγελική;Στεργίου;41;999-000-0530
41015030831;Αντωνία;Παπαδοπούλου;13;999-000-0531
41015012325;Ελένη;Γεωργίου;19;999-000-0532
41015047985;Δήμητρα;Δημητρίου;42;999-000-0533
41015087316;Αλεξάνδρα;Χατζή;93;999-000-0534
41015016429;Ειρήνη;Κωνσταντινίδου;61;999-000-0535
41015020968;Νικολέτα;Αγγελιδάκη;59;999-000-0536
41015054538;Αντωνία;Δημητρίου;73;999-000-0537
41015084621;Ευαγγελία;Κωνσταντινίδου;44;999-000-0538
41015063270;Φωτεινή;Καραγιάννη;34;999-000-0539
41015047342;Κατερίνα;Νικολάου;94;999-000-0540
41015065624;Κατερίνα;Νικολάου;85;999-000-0541
41015058632;Γεωργία;Αγγελιδάκη;79;999-000-0542
41015024198;Σοφία;Αναστασιάδου;66;999-000-0543
41015015607;Άννα;Αναστασιάδου;89;999-000-0544
41015072046;Βασιλική;Πανταζή;26;999-000-0545
41015025259;Άννα;Διαμαντή;45;999-000-0546
41015031411;Ειρήνη;Στεργίου;53;999-000-0547
41015057517;Χρύσα;Καραγιάννη;32;999-000-0548
41015077559;Χρύσα;Μιχαηλίδου;37;999-000-0549
41015037399;Μαρίνα;Ιωάννου;11;999-000-0550
41015005798;Φωτεινή;Κωνσταντινίδου;69;999-000-0551
41015054967;Αλεξάνδρα;Κωνσταντινίδου;20;999-000-0552
41015019015;Μαρίνα;Μακρή;48;999-000-0553
41015056224;Άννα;Οικονόμου;80;999-000-0554
41015052273;Αγγελική;Παππά;18;999-000-0555
41015029905;Νικολέτα;Αναστασιάδου;92;999-000-0556
41015089421;Βασιλική;Οικονόμου;46;999-000-0557
41015083392;Δέσποινα;Δημητρίου;89;999-000-0558
41015070805;Δήμητρα;Παππά;8;999-000-0559
41015069292;Άννα;Γεωργίου;66;999-000-0560
49900000001;Χριστίνα;Κυριακού;53;999-000-0561
49900000002;Αγγελική;Παπαδοπούλου;43;999-000-0562
41015073161;Αντωνία;Δημητρίου;85;999-000-0563
41015072732;Γεωργία;Παπαδοπούλου;7;999-000-0564
41015015206;Βασιλική;Αγγελιδάκη;56;999-000-0565
41015032054;Σοφία;Βλάχου;21;999-000-0566
41015003451;Ελένη;Οικονόμου;14;999-000-0567
41015007938;Ευαγγελία;Μιχαηλίδου;58;999-000-0568
41015070182;Νικολέτα;Χατζή;11;999-000-0569
41015082758;Αντωνία;Σαμαρά;63;999-000-0570
41015072126;Μαρίνα;Μιχαηλίδου;46;999-000-0571
41015067043;Ειρήνη;Αγγελιδάκη;70;999-000-0572
41015032456;Σοφία;Νικολάου;74;999-000-0573
41015028853;Βασιλική;Στεργίου;69;999-000-0574
41015009847;Αντωνία;Αγγελιδάκη;22;999-000-0575
41015063289;Κατερίνα;Χατζή;97;999-000-0576
41015078656;Δέσποινα;Καραγιάννη;69;999-000-0577
41015060219;Χρύσα;Οικονόμου;98;999-000-0578
41015019596;Ιωάννα;Οικονόμου;43;999-000-0579
41015003610;Νικολέτα;Αναστασιάδου;34;999-000-0580
41015075409;Αγγελική;Μιχαηλίδου;100;999-000-0581
41015040946;Ιωάννα;Πανταζή;62;999-000-0582
41015056171;Χριστίνα;Ιωάννου;92;999-000-0583
41015095209;Ευαγγελία;Κωνσταντινίδου;10;999-000-0584
41015004165;Αλεξάνδρα;Αναστασιάδου;14;999-000-0585
41015030092;Μαρίνα;Παπαδοπούλου;95;999-000-0586
41015016223;Γεωργία;Αναστασιάδου;96;999-000-0587
41015049778;Ιωάννα;Καραγιάννη;100;999-000-0588
41015073045;Γεωργία;Σαμαρά;88;999-000-0589
41015092462;Ειρήνη;Αναστασιάδου;90;999-000-0590
41015056000;Δέσποινα;Πανταζή;55;999-000-0591
41015072420;Φωτεινή;Βλάχου;35;999-000-0592
41015083034;Γεωργία;Παππά;60;999-000-0593
41015037200;Ελένη;Διαμαντή;29;999-000-0594
41015074231;Δέσποινα;Βλάχου;99;999-000-0595
41015092239;Γεωργία;Αναστασιάδου;68;999-000-0596
41015068774;Χριστίνα;Στεργίου;80;999-000-0597
41015012548;Αντωνία;Μιχαηλίδου;90;999-000-0598
41015002595;Δήμητρα;Γεωργίου;99;999-000-0599
41015046423;Αγγελική;Διαμαντή;98;999-000-0600
41015085274;Κατερίνα;Διαμαντή;11;999-000-0601
41015092006;Αλεξάνδρα;Παπαδοπούλου;27;999-000-0602
41015003576;Ειρήνη;Νικολάου;49;999-000-0603
41015023590;Χριστίνα;Διαμαντή;14;999-000-0604
41015054994;Μαρία;Κυριακού;73;999-000-0605
41015069746;Νικολέτα;Αγγελιδάκη;87;999-000-0606
41015011488;Φωτεινή;Παπαδοπούλου;61;999-000-0607
41015080368;Αλεξάνδρα;Κωνσταντινίδου;87;999-000-0608
41015063751;Αντωνία;Βλάχου;80;999-000-0609
41015011013;Χρύσα;Κωνσταντινίδου;22;999-000-0610
41015095539;Αλεξάνδρα;Πανταζή;53;999-000-0611
41015024786;Δέσποινα;Στεργίου;70;999-000-0612
41015022458;Γεωργία;Γεωργίου;55;999-000-0613
41015033188;Ειρήνη;Δημητρίου;74;999-000-0614
41015099991;Βασιλική;Χατζή;96;999-000-0615
41015011825;Δέσποινα;Κωνσταντινίδου;51;999-000-0616
41015010700;Ειρήνη;Καραγιάννη;97;999-000-0617
41015088752;Άννα;Διαμαντή;85;999-000-0618
41015076738;Χριστίνα;Κυριακού;71;999-000-0619
41015035872;Μαρία;Σαμαρά;88;999-000-0620
41015085746;Άννα;Παπαδοπούλου;17;999-000-0621
41015029665;Άννα;Οικονόμου;51;999-000-0622
41015081795;Μαρία;Κωνσταντινίδου;65;999-000-0623
41015007536;Ιωάννα;Διαμαντή;66;999-000-0624
41015095655;Ευαγγελία;Νικολάου;21;999-000-0625
41015048804;Αλεξάνδρα;Αγγελιδάκη;51;999-000-0626
41015086326;Ευαγγελία;Αγγελιδάκη;13;999-000-0627
41015020423;Ευαγγελία;Αγγελιδάκη;91;999-000-0628
41015005351;Σοφία;Παπαδοπούλου;6;999-000-0629
41015079851;Φωτεινή;Παππά;84;999-000-0630
41015096155;Αντωνία;Γεωργίου;43;999-000-0631
41015001382;Αλεξάνδρα;Κυριακού;64;999-000-0632
41015076756;Δήμητρα;Πανταζή;61;999-000-0633
41015027658;Βασιλική;Παππά;35;999-000-0634
41015016447;Άννα;Νικολάου;88;999-000-0635
41015014289;Ελένη;Βλάχου;29;999-000-0636
41015046272;Γεωργία;Διαμαντή;95;999-000-0637
41015040027;Αλεξάνδρα;Κωνσταντινίδου;39;999-000-0638
41015079815;Αλεξάνδρα;Διαμαντή;94;999-000-0639
41015020593;Ειρήνη;Αγγελιδάκη;55;999-000-0640
41015017286;Ελένη;Βλάχου;81;999-000-0641
41015071494;Μαρία;Γεωργίου;80;999-000-0642
41015007670;Άννα;Αγγελιδάκη;9;999-000-0643
41015009598;Ιωάννα;Γεωργίου;94;999-000-0644
41015007965;Χριστίνα;Κωνσταντινίδου;65;999-000-0645
41015097582;Ελένη;Καραγιάννη;46;999-000-0646
41015077871;Σοφία;Δημητρίου;50;999-000-0647
41015061245;Άννα;Μιχαηλίδου;9;999-000-0648
41015075695;Άννα;Καραγιάννη;59;999-000-0649
41015037674;Φωτεινή;Πανταζή;27;999-000-0650
41015090543;Ειρήνη;Παπαδοπούλου;78;999-000-0651
41015001275;Αλεξάνδρα;Αγγελιδάκη;65;999-000-0652
41015036871;Δέσποινα;Οικονόμου;34;999-000-0653
41015071591;Άννα;Νικολάου;1;999-000-0654
41015057679;Βασιλική;Μακρή;14;999-000-0655
41015026953;Φωτεινή;Παπαδοπούλου;97;999-000-0656
41015076266;Φωτεινή;Ιωάννου;22;999-000-0657
41015035694;Κατερίνα;Κυριακού;66;999-000-0658
41015003157;Βασιλική;Αγγελιδάκη;92;999-000-0659
41015042427;Φωτεινή;Γεωργίου;97;999-000-0660
41015066730;Αλεξάνδρα;Στεργίου;61;999-000-0661
41015093808;Γεωργία;Μιχαηλίδου;50;999-000-0662
41015015395;Σοφία;Οικονόμου;25;999-000-0663
41015071993;Αγγελική;Μιχαηλίδου;70;999-000-0664
41015011442;Χρύσα;Μακρή;74;999-000-0665
41015059301;Κατερίνα;Μιχαηλίδου;85;999-000-0666
41015003200;Αγγελική;Μακρή;98;999-000-0667
41015071485;Χριστίνα;Στεργίου;1;999-000-0668
41015094200;Φωτεινή;Σαμαρά;35;999-000-0669
21015065483;Ευαγγελία;Σαμαρά;19;999-000-0670
21015060139;Αγγελική;Χατζή;67;999-000-0671
21015015536;Ευαγγελία;Ιωάννου;54;999-000-0672
21015046806;Μαρίνα;Μιχαηλίδου;46;999-000-0673
21015077700;Ελένη;Μιχαηλίδου;38;999-000-0674
21015023714;Αγγελική;Ιωάννου;97;999-000-0675
21015096672;Δέσποινα;Κωνσταντινίδου;52;999-000-0676
21015079432;Μαρίνα;Πανταζή;18;999-000-0677
21015048537;Κατερίνα;Χατζή;70;999-000-0678
21015080313;Χρύσα;Παππά;34;999-000-0679
21015099713;Ελένη;Γεωργίου;61;999-000-0680
21015068907;Νικολέτα;Μιχαηλίδου;5;999-000-0681
21015032367;Δήμητρα;Πανταζή;24;999-000-0682
21015090703;Γεωργία;Γεωργίου;84;999-000-0683
21015054592;Αλεξάνδρα;Μιχαηλίδου;96;999-000-0684
21015077158;Χριστίνα;Ιωάννου;76;999-000-0685
21015089948;Γεωργία;Νικολάου;89;999-000-0686
21015003932;Σοφία;Διαμαντή;39;999-000-0687
21015066543;Ευαγγελία;Μακρή;8;999-000-0688
21015027863;Χρύσα;Μιχαηλίδου;68;999-000-0689
21015034819;Χρύσα;Καραγιάννη;59;999-000-0690
21015033972;Χρύσα;Μακρή;36;999-000-0691
21015049634;Αντωνία;Κωνσταντινίδου;75;999-000-0692
21015090026;Ιωάννα;Κωνσταντινίδου;76;999-000-0693
21015032401;Ιωάννα;Παπαδοπούλου;17;999-000-0694
21015043113;Χριστίνα;Παπαδοπούλου;40;999-000-0695
21015081651;Ελένη;Αναστασιάδου;67;999-000-0696
21015067720;Ιωάννα;Ιωάννου;7;999-000-0697
21015001863;Βασιλική;Σαμαρά;71;999-000-0698
21015079478;Χρύσα;Βλάχου;94;999-000-0699
21015012138;Δήμητρα;Αγγελιδάκη;51;999-000-0700
21015076541;Αγγελική;Κυριακού;15;999-000-0701
21015085112;Δήμητρα;Μιχαηλίδου;17;999-000-0702
21015046441;Ευαγγελία;Οικονόμου;53;999-000-0703
21015041669;Αγγελική;Καραγιάννη;27;999-000-0704
21015042490;Ιωάννα;Αγγελιδάκη;44;999-000-0705
21015006591;Γεωργία;Χατζή;13;999-000-0706
21015097966;Αγγελική;Βλάχου;55;999-000-0707
21015077425;Ελένη;Μιχαηλίδου;10;999-000-0708
21015004888;Δέσποινα;Μακρή;78;999-000-0709
21015008447;Αντωνία;Στεργίου;22;999-000-0710
21015080714;Ειρήνη;Κυριακού;38;999-000-0711
21015037781;Ειρήνη;Αγγελιδάκη;47;999-000-0712
21015010345;Άννα;Βλάχου;80;999-000-0713
21015045585;Ιωάννα;Διαμαντή;49;999-000-0714
21015087888;Ευαγγελία;Αναστασιάδου;1;999-000-0715
21015067436;Αγγελική;Ιωάννου;57;999-000-0716
21015015705;Μαρίνα;Ιωάννου;4;999-000-0717
21015067695;Φωτεινή;Διαμαντή;56;999-000-0718
21015004254;Κατερίνα;Καραγιάννη;26;999-000-0719
21015098778;Μαρίνα;Μιχαηλίδου;50;999-000-0720
21015018383;Δέσποινα;Αγγελιδάκη;16;999-000-0721
21015070397;Δέσποινα;Σαμαρά;92;999-000-0722
21015093602;Χρύσα;Βλάχου;77;999-000-0723
21015006751;Γεωργία;Μακρή;85;999-000-0724
21015021903;Σοφία;Μιχαηλίδου;22;999-000-0725
29900000003;Ειρήνη;Αγγελιδάκη;13;999-000-0726
21015033428;Βασιλική;Μακρή;6;999-000-0727
21015082776;Δέσποινα;Παππά;61;999-000-0728
21015087655;Σοφία;Νικολάου;92;999-000-0729
21015040312;Βασιλική;Διαμαντή;63;999-000-0730
21015066151;Κατερίνα;Παππά;1;999-000-0731
21015030617;Κατερίνα;Μακρή;91;999-000-0732
21015037754;Φωτεινή;Νικολάου;68;999-000-0733
21015036504;Δήμητρα;Καραγιάννη;56;999-000-0734
21015018490;Μαρίνα;Αναστασιάδου;60;999-000-0735
21015052022;Μαρίνα;Νικολάου;32;999-000-0736
21015022323;Νικολέτα;Νικολάου;43;999-000-0737
21015088333;Μαρίνα;Διαμαντή;79;999-000-0738
21015040731;Ειρήνη;Αγγελιδάκη;27;999-000-0739
29900000004;Αντωνία;Αγγελιδάκη;64;999-000-0740
21015063895;Γεωργία;Δημητρίου;12;999-000-0741
21015062315;Δέσποινα;Κυριακού;86;999-000-0742
21015067800;Δέσποινα;Στεργίου;68;999-000-0743
21015090071;Χρύσα;Κωνσταντινίδου;88;999-000-0744
21015096164;Άννα;Αγγελιδάκη;84;999-000-0745
21015091597;Δήμητρα;Πανταζή;21;999-000-0746
21015042597;Κατερίνα;Ιωάννου;56;999-000-0747
21015050328;Χρύσα;Νικολάου;17;999-000-0748
21015003736;Φωτεινή;Στεργίου;1;999-000-0749
21015012469;Αγγελική;Κωνσταντινίδου;49;999-000-0750
21015035765;Κατερίνα;Παππά;44;999-000-0751
21015031215;Δήμητρα;Παππά;18;999-000-0752
21015025801;Δέσποινα;Δημητρίου;18;999-000-0753
21015070645;Δήμητρα;Αγγελιδάκη;100;999-000-0754
21015068550;Νικολέτα;Κυριακού;82;999-000-0755
21015068792;Βασιλική;Κυριακού;29;999-000-0756
21015016946;Νικολέτα;Οικονόμου;67;999-000-0757
21015033552;Δέσποινα;Παπαδοπούλου;10;999-000-0758
21015039066;Ευαγγελία;Αναστασιάδου;92;999-000-0759
21015071671;Ελένη;Νικολάου;48;999-000-0760
21015041589;Αντωνία;Ιωάννου;23;999-000-0761
21015006671;Ιωάννα;Γεωργίου;5;999-000-0762
21015078497;Δήμητρα;Δημητρίου;86;999-000-0763
21015013789;Βασιλική;Χατζή;9;999-000-0764
21015033614;Ειρήνη;Μιχαηλίδου;24;999-000-0765
21015044452;Νικολέτα;Αγγελιδάκη;17;999-000-0766
21015016161;Γεωργία;Αναστασιάδου;86;999-000-0767
21015058767;Βασιλική;Διαμαντή;83;999-000-0768
21015076783;Αντωνία;Στεργίου;24;999-000-0769
31015065483;Δήμητρα;Βλάχου;33;999-000-0770
31015060139;Άννα;Μακρή;60;999-000-0771
31015015536;Μαρία;Κωνσταντινίδου;44;999-000-0772
31015046806;Αλεξάνδρα;Κυριακού;22;999-000-0773
31015077700;Μαρίνα;Κυριακού;82;999-000-0774
31015023714;Δήμητρα;Παππά;27;999-000-0775
31015096672;Δέσποινα;Παππά;41;999-000-0776
31015079432;Άννα;Οικονόμου;100;999-000-0777
31015048537;Αντωνία;Πανταζή;94;999-000-0778
31015080313;Ειρήνη;Μακρή;21;999-000-0779
31015099713;Σοφία;Κωνσταντινίδου;50;999-000-0780
31015068907;Νικολέτα;Κυριακού;31;999-000-0781
31015032367;Φωτεινή;Αγγελιδάκη;91;999-000-0782
31015090703;Αλεξάνδρα;Διαμαντή;80;999-000-0783
31015054592;Δήμητρα;Στεργίου;53;999-000-0784
31015077158;Αντωνία;Δημητρίου;61;999-000-0785
31015089948;Αλεξάνδρα;Παπαδοπούλου;46;999-000-0786
31015003932;Αγγελική;Ιωάννου;9;999-000-0787
31015066543;Μαρία;Αναστασιάδου;97;999-000-0788
31015027863;Ιωάννα;Νικολάου;47;999-000-0789
31015034819;Βασιλική;Γεωργίου;64;999-000-0790
31015033972;Μαρία;Δημητρίου;89;999-000-0791
31015049634;Μαρία;Μακρή;62;999-000-0792
31015090026;Βασιλική;Βλάχου;3;999-000-0793
31015032401;Άννα;Πανταζή;37;999-000-0794
31015043113;Αγγελική;Κωνσταντινίδου;44;999-000-0795
31015081651;Δέσποινα;Οικονόμου;52;999-000-0796
31015067720;Βασιλική;Δημητρίου;92;999-000-0797
31015001863;Σοφία;Χατζή;75;999-000-0798
31015079478;Μαρία;Ιωάννου;23;999-000-0799
31015012138;Βασιλική;Παπαδοπούλου;85;999-000-0800
31015076541;Μαρίνα;Κωνσταντινίδου;13;999-000-0801
31015085112;Γεωργία;Πανταζή;46;999-000-0802
31015046441;Νικολέτα;Διαμαντή;80;999-000-0803
31015041669;Σοφία;Νικολάου;98;999-000-0804
31015042490;Μαρίνα;Καραγιάννη;21;999-000-0805
31015006591;Σοφία;Γεωργίου;50;999-000-0806
31015097966;Δήμητρα;Πανταζή;47;999-000-0807
31015077425;Μαρία;Γεωργίου;55;999-000-0808
31015004888;Μαρία;Πανταζή;29;999-000-0809
31015008447;Ειρήνη;Δημητρίου;65;999-000-0810
31015080714;Κατερίνα;Στεργίου;91;999-000-0811
31015037781;Άννα;Σαμαρά;62;999-000-0812
31015010345;Ελένη;Νικολάου;33;999-000-0813
31015045585;Αγγελική;Μακρή;58;999-000-0814
31015087888;Άννα;Βλάχου;56;999-000-0815
31015067436;Ειρήνη;Καραγιάννη;8;999-000-0816
31015015705;Αντωνία;Βλάχου;83;999-000-0817
31015067695;Γεωργία;Μακρή;58;999-000-0818
31015004254;Αντωνία;Βλάχου;20;999-000-0819
31015098778;Νικολέτα;Ιωάννου;29;999-000-0820
31015018383;Αντωνία;Βλάχου;7;999-000-0821
31015070397;Γεωργία;Δημητρίου;22;999-000-0822
31015093602;Χριστίνα;Νικολάου;22;999-000-0823
31015006751;Άννα;Νικολάου;3;999-000-0824
31015021903;Σοφία;Κυριακού;61;999-000-0825
39900000003;Άννα;Νικολάου;29;999-000-0826
31015033428;Άννα;Διαμαντή;54;999-000-0827
31015082776;Ελένη;Οικονόμου;45;999-000-0828
31015087655;Αλεξάνδρα;Παπαδοπούλου;19;999-000-0829
31015040312;Άννα;Δημητρίου;97;999-000-0830
31015066151;Σοφία;Αγγελιδάκη;25;999-000-0831
31015030617;Βασιλική;Κωνσταντινίδου;47;999-000-0832
31015037754;Σοφία;Διαμαντή;33;999-000-0833
31015036504;Σοφία;Γεωργίου;1;999-000-0834
31015018490;Σοφία;Αναστασιάδου;20;999-000-0835
31015052022;Αντωνία;Κυριακού;12;999-000-0836
31015022323;Βασιλική;Δημητρίου;81;999-000-0837
31015088333;Ειρήνη;Πανταζή;98;999-000-0838
31015040731;Μαρίνα;Καραγιάννη;31;999-000-0839
39900000004;Αγγελική;Διαμαντή;96;999-000-0840
31015063895;Κατερίνα;Αναστασιάδου;32;999-000-0841
31015062315;Δέσποινα;Χατζή;52;999-000-0842
31015067800;Δέσποινα;Πανταζή;92;999-000-0843
31015090071;Γεωργία;Χατζή;44;999-000-0844
31015096164;Φωτεινή;Χατζή;87;999-000-0845
31015091597;Αντωνία;Παππά;18;999-000-0846
31015042597;Φωτεινή;Δημητρίου;74;999-000-0847
31015050328;Γεωργία;Ιωάννου;22;999-000-0848
31015003736;Ευαγγελία;Κυριακού;61;999-000-0849
31015012469;Δέσποινα;Διαμαντή;15;999-000-0850
31015035765;Άννα;Πανταζή;73;999-000-0851
31015031215;Αντωνία;Κωνσταντινίδου;93;999-000-0852
31015025801;Δέσποινα;Διαμαντή;34;999-000-0853
31015070645;Δήμητρα;Οικονόμου;15;999-000-0854
31015068550;Χρύσα;Καραγιάννη;45;999-000-0855
31015068792;Άννα;Οικονόμου;84;999-000-0856
31015016946;Φωτεινή;Νικολάου;22;999-000-0857
31015033552;Ειρήνη;Στεργίου;40;999-000-0858
31015039066;Γεωργία;Διαμαντή;87;999-000-0859
31015071671;Αγγελική;Στεργίου;41;999-000-0860
31015041589;Αντωνία;Παπαδοπούλου;13;999-000-0861
31015006671;Ελένη;Γεωργίου;19;999-000-0862
31015078497;Δήμητρα;Δημητρίου;42;999-000-0863
31015013789;Αλεξάνδρα;Χατζή;93;999-000-0864
31015033614;Ειρήνη;Κωνσταντινίδου;61;999-000-0865
31015044452;Νικολέτα;Αγγελιδάκη;59;999-000-0866
31015016161;Αντωνία;Δημητρίου;73;999-000-0867
31015058767;Ευαγγελία;Κωνσταντινίδου;44;999-000-0868
31015076783;Φωτεινή;Καραγιάννη;34;999-000-0869
