AMKA;rank
11015086610;nurse
11015098983;supervisor
11015043337;nurse
11015037601;supervisor
11015077951;assistant nurse
11015090865;nurse
11015008740;supervisor
11015030181;nurse
11015066384;nurse
11015071127;assistant nurse
11015025311;nurse
11015030831;nurse
11015012325;assistant nurse
11015047985;assistant nurse
11015087316;assistant nurse
11015016429;assistant nurse
11015020968;supervisor
11015054538;nurse
11015084621;assistant nurse
11015063270;supervisor
11015047342;nurse
11015065624;nurse
11015058632;nurse
11015024198;assistant nurse
11015015607;nurse
11015072046;assistant nurse
11015025259;nurse
11015031411;supervisor
11015057517;supervisor
11015077559;nurse
11015037399;assistant nurse
11015005798;supervisor
11015054967;nurse
11015019015;assistant nurse
11015056224;supervisor
11015052273;assistant nurse
11015029905;supervisor
11015089421;assistant nurse
11015083392;assistant nurse
11015070805;nurse
11015069292;assistant nurse
99900000001;supervisor
99900000002;assistant nurse
11015073161;assistant nurse
11015072732;assistant nurse
11015015206;supervisor
11015032054;supervisor
11015003451;nurse
11015007938;nurse
11015070182;assistant nurse
11015082758;nurse
11015072126;nurse
11015067043;supervisor
11015032456;assistant nurse
11015028853;assistant nurse
11015009847;nurse
11015063289;assistant nurse
11015078656;assistant nurse
11015060219;assistant nurse
11015019596;nurse
11015003610;supervisor
11015075409;nurse
11015040946;supervisor
11015056171;nurse
11015095209;supervisor
11015004165;nurse
11015030092;assistant nurse
11015016223;assistant nurse
11015049778;nurse
11015073045;supervisor
11015092462;supervisor
11015056000;assistant nurse
11015072420;supervisor
11015083034;supervisor
11015037200;nurse
11015074231;assistant nurse
11015092239;supervisor
11015068774;supervisor
11015012548;nurse
11015002595;nurse
11015046423;supervisor
11015085274;supervisor
11015092006;assistant nurse
11015003576;supervisor
11015023590;nurse
11015054994;assistant nurse
11015069746;assistant nurse
11015011488;supervisor
11015080368;nurse
11015063751;assistant nurse
11015011013;assistant nurse
11015095539;nurse
11015024786;supervisor
11015022458;supervisor
11015033188;nurse
11015099991;nurse
11015011825;nurse
11015010700;supervisor
11015088752;nurse
11015076738;assistant nurse
11015035872;supervisor
11015085746;nurse
11015029665;assistant nurse
11015081795;nurse
11015007536;assistant nurse
11015095655;assistant nurse
11015048804;supervisor
11015086326;assistant nurse
11015020423;nurse
11015005351;nurse
11015079851;nurse
11015096155;supervisor
11015001382;nurse
11015076756;assistant nurse
11015027658;assistant nurse
11015016447;assistant nurse
11015014289;nurse
11015046272;supervisor
11015040027;assistant nurse
11015079815;supervisor
11015020593;supervisor
11015017286;nurse
11015071494;nurse
11015007670;supervisor
11015009598;supervisor
11015007965;supervisor
11015097582;nurse
11015077871;assistant nurse
11015061245;assistant nurse
11015075695;supervisor
11015037674;supervisor
11015090543;nurse
11015001275;assistant nurse
11015036871;assistant nurse
11015071591;nurse
11015057679;assistant nurse
11015026953;nurse
11015076266;assistant nurse
11015035694;supervisor
11015003157;assistant nurse
11015042427;supervisor
11015066730;nurse
11015093808;assistant nurse
11015015395;assistant nurse
11015071993;supervisor
11015011442;assistant nurse
11015059301;assistant nurse
11015003200;nurse
11015071485;supervisor
11015094200;assistant nurse
21015086610;nurse
21015098983;supervisor
21015043337;nurse
21015037601;supervisor
21015077951;assistant nurse
21015090865;nurse
21015008740;supervisor
21015030181;nurse
21015066384;nurse
21015071127;assistant nurse
21015025311;nurse
21015030831;nurse
21015012325;assistant nurse
21015047985;assistant nurse
21015087316;assistant nurse
21015016429;assistant nurse
21015020968;supervisor
21015054538;nurse
21015084621;assistant nurse
21015063270;supervisor
21015047342;nurse
21015065624;nurse
21015058632;nurse
21015024198;assistant nurse
21015015607;nurse
21015072046;assistant nurse
21015025259;nurse
21015031411;supervisor
21015057517;supervisor
21015077559;nurse
21015037399;assistant nurse
21015005798;supervisor
21015054967;nurse
21015019015;assistant nurse
21015056224;supervisor
21015052273;assistant nurse
21015029905;supervisor
21015089421;assistant nurse
21015083392;assistant nurse
21015070805;nurse
21015069292;assistant nurse
29900000001;supervisor
29900000002;assistant nurse
21015073161;assistant nurse
21015072732;assistant nurse
21015015206;supervisor
21015032054;supervisor
21015003451;nurse
21015007938;nurse
21015070182;assistant nurse
21015082758;nurse
21015072126;nurse
21015067043;supervisor
21015032456;assistant nurse
21015028853;assistant nurse
21015009847;nurse
21015063289;assistant nurse
21015078656;assistant nurse
21015060219;assistant nurse
21015019596;nurse
21015003610;supervisor
21015075409;nurse
21015040946;supervisor
21015056171;nurse
21015095209;supervisor
21015004165;nurse
21015030092;assistant nurse
21015016223;assistant nurse
21015049778;nurse
21015073045;supervisor
21015092462;supervisor
21015056000;assistant nurse
21015072420;supervisor
21015083034;supervisor
21015037200;nurse
21015074231;assistant nurse
21015092239;supervisor
21015068774;supervisor
21015012548;nurse
21015002595;nurse
21015046423;supervisor
21015085274;supervisor
21015092006;assistant nurse
21015003576;supervisor
21015023590;nurse
21015054994;assistant nurse
21015069746;assistant nurse
21015011488;supervisor
21015080368;nurse
21015063751;assistant nurse
21015011013;assistant nurse
21015095539;nurse
21015024786;supervisor
21015022458;supervisor
21015033188;nurse
21015099991;nurse
21015011825;nurse
21015010700;supervisor
21015088752;nurse
21015076738;assistant nurse
21015035872;supervisor
21015085746;nurse
21015029665;assistant nurse
21015081795;nurse
21015007536;assistant nurse
21015095655;assistant nurse
21015048804;supervisor
21015086326;assistant nurse
21015020423;nurse
21015005351;nurse
21015079851;nurse
21015096155;supervisor
21015001382;nurse
21015076756;assistant nurse
21015027658;assistant nurse
21015016447;assistant nurse
21015014289;nurse
21015046272;supervisor
21015040027;assistant nurse
21015079815;supervisor
21015020593;supervisor
21015017286;nurse
21015071494;nurse
21015007670;supervisor
21015009598;supervisor
21015007965;supervisor
21015097582;nurse
21015077871;assistant nurse
21015061245;assistant nurse
21015075695;supervisor
21015037674;supervisor
21015090543;nurse
21015001275;assistant nurse
21015036871;assistant nurse
21015071591;nurse
21015057679;assistant nurse
21015026953;nurse
21015076266;assistant nurse
21015035694;supervisor
21015003157;assistant nurse
21015042427;supervisor
21015066730;nurse
21015093808;assistant nurse
21015015395;assistant nurse
21015071993;supervisor
21015011442;assistant nurse
21015059301;assistant nurse
21015003200;nurse
21015071485;supervisor
21015094200;assistant nurse
31015086610;nurse
31015098983;supervisor
31015043337;nurse
31015037601;supervisor
31015077951;assistant nurse
31015090865;nurse
31015008740;supervisor
31015030181;nurse
31015066384;nurse
31015071127;assistant nurse
31015025311;nurse
31015030831;nurse
31015012325;assistant nurse
31015047985;assistant nurse
31015087316;assistant nurse
31015016429;assistant nurse
31015020968;supervisor
31015054538;nurse
31015084621;assistant nurse
31015063270;supervisor
31015047342;nurse
31015065624;nurse
31015058632;nurse
31015024198;assistant nurse
31015015607;nurse
31015072046;assistant nurse
31015025259;nurse
31015031411;supervisor
31015057517;supervisor
31015077559;nurse
31015037399;assistant nurse
31015005798;supervisor
31015054967;nurse
31015019015;assistant nurse
31015056224;supervisor
31015052273;assistant nurse
31015029905;supervisor
31015089421;assistant nurse
31015083392;assistant nurse
31015070805;nurse
31015069292;assistant nurse
39900000001;supervisor
39900000002;assistant nurse
31015073161;assistant nurse
31015072732;assistant nurse
31015015206;supervisor
31015032054;supervisor
31015003451;nurse
31015007938;nurse
31015070182;assistant nurse
31015082758;nurse
31015072126;nurse
31015067043;supervisor
31015032456;assistant nurse
31015028853;assistant nurse
31015009847;nurse
31015063289;assistant nurse
31015078656;assistant nurse
31015060219;assistant nurse
31015019596;nurse
31015003610;supervisor
31015075409;nurse
31015040946;supervisor
31015056171;nurse
31015095209;supervisor
31015004165;nurse
31015030092;assistant nurse
31015016223;assistant nurse
31015049778;nurse
31015073045;supervisor
31015092462;supervisor
31015056000;assistant nurse
31015072420;supervisor
31015083034;supervisor
31015037200;nurse
31015074231;assistant nurse
31015092239;supervisor
31015068774;supervisor
31015012548;nurse
31015002595;nurse
31015046423;supervisor
31015085274;supervisor
31015092006;assistant nurse
31015003576;supervisor
31015023590;nurse
31015054994;assistant nurse
31015069746;assistant nurse
31015011488;supervisor
31015080368;nurse
31015063751;assistant nurse
31015011013;assistant nurse
31015095539;nurse
31015024786;supervisor
31015022458;supervisor
31015033188;nurse
31015099991;nurse
31015011825;nurse
31015010700;supervisor
31015088752;nurse
31015076738;assistant nurse
31015035872;supervisor
31015085746;nurse
31015029665;assistant nurse
31015081795;nurse
31015007536;assistant nurse
31015095655;assistant nurse
31015048804;supervisor
31015086326;assistant nurse
31015020423;nurse
31015005351;nurse
31015079851;nurse
31015096155;supervisor
31015001382;nurse
31015076756;assistant nurse
31015027658;assistant nurse
31015016447;assistant nurse
31015014289;nurse
31015046272;supervisor
31015040027;assistant nurse
31015079815;supervisor
31015020593;supervisor
31015017286;nurse
31015071494;nurse
31015007670;supervisor
31015009598;supervisor
31015007965;supervisor
31015097582;nurse
31015077871;assistant nurse
31015061245;assistant nurse
31015075695;supervisor
31015037674;supervisor
31015090543;nurse
31015001275;assistant nurse
31015036871;assistant nurse
31015071591;nurse
31015057679;assistant nurse
31015026953;nurse
31015076266;assistant nurse
31015035694;supervisor
31015003157;assistant nurse
31015042427;supervisor
31015066730;nurse
31015093808;assistant nurse
31015015395;assistant nurse
31015071993;supervisor
31015011442;assistant nurse
31015059301;assistant nurse
31015003200;nurse
31015071485;supervisor
31015094200;assistant nurse
41015086610;nurse
41015098983;supervisor
41015043337;nurse
41015037601;supervisor
41015077951;assistant nurse
41015090865;nurse
41015008740;supervisor
41015030181;nurse
41015066384;nurse
41015071127;assistant nurse
41015025311;nurse
41015030831;nurse
41015012325;assistant nurse
41015047985;assistant nurse
41015087316;assistant nurse
41015016429;assistant nurse
41015020968;supervisor
41015054538;nurse
41015084621;assistant nurse
41015063270;supervisor
41015047342;nurse
41015065624;nurse
41015058632;nurse
41015024198;assistant nurse
41015015607;nurse
41015072046;assistant nurse
41015025259;nurse
41015031411;supervisor
41015057517;supervisor
41015077559;nurse
41015037399;assistant nurse
41015005798;supervisor
41015054967;nurse
41015019015;assistant nurse
41015056224;supervisor
41015052273;assistant nurse
41015029905;supervisor
41015089421;assistant nurse
41015083392;assistant nurse
41015070805;nurse
41015069292;assistant nurse
49900000001;supervisor
49900000002;assistant nurse
41015073161;assistant nurse
41015072732;assistant nurse
41015015206;supervisor
41015032054;supervisor
41015003451;nurse
41015007938;nurse
41015070182;assistant nurse
41015082758;nurse
41015072126;nurse
41015067043;supervisor
41015032456;assistant nurse
41015028853;assistant nurse
41015009847;nurse
41015063289;assistant nurse
41015078656;assistant nurse
41015060219;assistant nurse
41015019596;nurse
41015003610;supervisor
41015075409;nurse
41015040946;supervisor
41015056171;nurse
41015095209;supervisor
41015004165;nurse
41015030092;assistant nurse
41015016223;assistant nurse
41015049778;nurse
41015073045;supervisor
41015092462;supervisor
41015056000;assistant nurse
41015072420;supervisor
41015083034;supervisor
41015037200;nurse
41015074231;assistant nurse
41015092239;supervisor
41015068774;supervisor
41015012548;nurse
41015002595;nurse
41015046423;supervisor
41015085274;supervisor
41015092006;assistant nurse
41015003576;supervisor
41015023590;nurse
41015054994;assistant nurse
41015069746;assistant nurse
41015011488;supervisor
41015080368;nurse
41015063751;assistant nurse
41015011013;assistant nurse
41015095539;nurse
41015024786;supervisor
41015022458;supervisor
41015033188;nurse
41015099991;nurse
41015011825;nurse
41015010700;supervisor
41015088752;nurse
41015076738;assistant nurse
41015035872;supervisor
41015085746;nurse
41015029665;assistant nurse
41015081795;nurse
41015007536;assistant nurse
41015095655;assistant nurse
41015048804;supervisor
41015086326;assistant nurse
41015020423;nurse
41015005351;nurse
41015079851;nurse
41015096155;supervisor
41015001382;nurse
41015076756;assistant nurse
41015027658;assistant nurse
41015016447;assistant nurse
41015014289;nurse
41015046272;supervisor
41015040027;assistant nurse
41015079815;supervisor
41015020593;supervisor
41015017286;nurse
41015071494;nurse
41015007670;supervisor
41015009598;supervisor
41015007965;supervisor
41015097582;nurse
41015077871;assistant nurse
41015061245;assistant nurse
41015075695;supervisor
41015037674;supervisor
41015090543;nurse
41015001275;assistant nurse
41015036871;assistant nurse
41015071591;nurse
41015057679;assistant nurse
41015026953;nurse
41015076266;assistant nurse
41015035694;supervisor
41015003157;assistant nurse
41015042427;supervisor
41015066730;nurse
41015093808;assistant nurse
41015015395;assistant nurse
41015071993;supervisor
41015011442;assistant nurse
41015059301;assistant nurse
41015003200;nurse
41015071485;supervisor
41015094200;assistant nurse
