phone;phone_type
974-135-8745;mobile
145-517-6431;mobile
458-869-4760;mobile
479-904-7531;mobile
776-694-9087;landline
254-849-9174;mobile
197-572-8585;landline
745-379-1072;landline
435-304-4602;landline
355-987-6237;mobile
742-906-6584;landline
894-666-3687;mobile
456-464-8583;landline
901-290-0216;mobile
208-284-4193;mobile
948-805-5240;mobile
686-874-4273;mobile
496-317-2019;mobile
658-708-1694;mobile
415-620-1689;mobile
361-937-7546;mobile
486-780-8921;landline
890-443-6316;mobile
107-609-3965;landline
746-196-1051;landline
501-895-1269;landline
558-508-2962;landline
644-298-7655;mobile
875-472-6234;mobile
792-721-0391;mobile
350-835-7147;landline
574-101-1894;landline
983-740-2464;landline
734-516-9179;landline
185-481-2184;mobile
359-394-2856;landline
952-392-8301;landline
345-604-8943;mobile
721-262-2629;mobile
382-976-6974;landline
813-992-7762;mobile
666-568-8409;landline
911-107-1256;landline
657-427-7460;mobile
286-453-7083;mobile
547-919-6637;landline
614-884-5366;mobile
771-515-2954;mobile
727-553-7995;mobile
420-230-6066;landline
337-720-8798;mobile
383-725-5500;mobile
373-188-7805;mobile
270-392-7070;mobile
825-177-0584;landline
132-868-6246;landline
454-947-6702;landline
573-233-6756;landline
939-525-8342;landline
919-277-6044;landline
806-910-0848;landline
630-210-4168;mobile
214-892-2386;mobile
312-387-3069;mobile
376-987-4876;mobile
941-966-0360;landline
171-261-3776;landline
322-101-2977;landline
978-663-7278;mobile
472-637-9399;mobile
386-639-3909;landline
515-144-7196;landline
557-231-4839;mobile
213-621-5287;landline
136-466-4186;mobile
585-933-4990;mobile
600-483-1290;mobile
251-563-1493;landline
769-668-8863;mobile
681-244-3666;mobile
479-171-5430;mobile
190-766-1903;mobile
446-995-8405;mobile
936-565-3354;mobile
753-213-5589;mobile
440-379-9905;mobile
408-727-4684;mobile
695-220-9339;mobile
702-213-3006;landline
155-981-8417;landline
806-919-8062;landline
460-539-1436;mobile
402-567-4010;mobile
391-829-6106;landline
673-413-9968;landline
571-302-7895;mobile
166-342-0699;landline
268-801-6998;landline
856-277-9442;landline
163-646-2381;landline
648-271-6508;landline
631-146-6506;mobile
669-299-3685;mobile
504-806-7974;mobile
682-681-9918;mobile
740-672-1765;mobile
288-908-3276;landline
479-762-9763;landline
855-116-0223;mobile
735-302-9487;landline
775-970-8933;mobile
967-165-3376;mobile
705-199-1737;mobile
450-896-7703;mobile
935-912-7818;landline
662-111-2910;landline
150-770-2866;landline
489-106-6540;mobile
426-304-5739;mobile
840-697-2404;mobile
706-470-4794;landline
560-692-8714;landline
147-202-8490;landline
218-932-1813;landline
860-945-1093;mobile
191-593-5319;mobile
953-442-9394;mobile
297-763-3171;mobile
512-883-7742;landline
921-430-6063;mobile
575-787-3693;landline
697-563-7283;landline
941-920-3892;mobile
326-883-7709;mobile
385-446-2319;landline
750-567-5243;landline
892-669-9582;landline
504-113-9184;landline
685-108-9052;mobile
846-912-3243;mobile
444-545-3939;mobile
652-511-5430;mobile
987-128-7568;landline
682-748-0678;mobile
576-447-8978;landline
500-503-2744;mobile
893-197-3039;mobile
594-432-2493;landline
490-438-4426;landline
650-332-9103;mobile
167-759-9120;mobile
480-887-9196;mobile
135-269-1022;landline
930-103-3968;mobile
934-592-3955;landline
146-876-7753;mobile
293-340-9567;mobile
478-470-0928;mobile
222-420-5180;landline
409-697-0985;landline
388-645-7140;landline
696-291-3959;landline
914-115-1358;mobile
908-687-4111;mobile
853-865-4788;landline
516-215-6543;landline
643-273-3826;mobile
650-917-1536;landline
895-875-0519;mobile
840-647-2127;landline
621-451-8289;landline
111-648-6238;mobile
159-960-5696;mobile
182-782-4382;mobile
839-384-1858;mobile
982-749-4092;landline
226-194-3004;landline
245-352-0503;mobile
533-862-2405;landline
300-946-5412;mobile
976-356-2294;mobile
181-690-8719;mobile
332-606-8567;landline
634-747-0549;landline
327-146-1261;landline
423-799-3641;landline
590-479-5337;mobile
632-155-5361;mobile
571-240-9674;landline
551-427-8961;mobile
446-135-4711;mobile
186-355-1373;mobile
890-408-5323;mobile
545-853-5111;mobile
523-405-7457;mobile
805-525-8883;mobile
909-846-6327;mobile
197-231-2456;landline
312-394-7980;mobile
974-113-5709;mobile
876-739-2263;landline
848-378-9369;mobile
320-537-2846;landline
733-993-0551;mobile
944-854-6845;mobile
805-519-4011;mobile
770-880-2122;landline
643-921-9926;landline
860-203-2599;mobile
968-282-4152;mobile
472-488-7421;mobile
875-115-9896;mobile
986-763-9972;landline
678-796-7672;landline
576-743-0467;landline
900-973-9122;landline
673-248-6775;mobile
748-835-6833;mobile
502-217-5479;landline
654-646-6652;landline
983-905-6128;landline
762-125-9022;landline
412-538-4626;landline
666-123-4144;mobile
551-336-0606;mobile
412-949-9754;landline
361-551-3830;landline
694-891-7233;landline
340-648-7840;landline
393-334-0967;landline
376-587-9189;landline
941-174-7050;landline
799-930-2333;landline
505-315-3719;mobile
682-763-5648;mobile
820-626-5442;landline
960-649-0432;landline
146-953-3485;landline
672-379-6171;mobile
765-730-1581;landline
320-709-9456;landline
944-685-8003;mobile
755-772-4856;mobile
662-321-1984;mobile
905-425-2853;mobile
663-747-7603;landline
812-981-3900;mobile
618-719-8126;landline
163-246-6156;mobile
123-128-5374;mobile
704-201-5854;landline
588-161-2541;mobile
281-948-4722;mobile
758-363-9013;mobile
295-925-2437;mobile
797-738-2850;mobile
286-616-5132;mobile
382-853-8038;mobile
774-931-4538;mobile
415-662-4946;mobile
284-231-7166;mobile
537-374-1259;mobile
199-253-7291;mobile
537-843-3644;mobile
130-606-0376;mobile
761-648-5445;landline
817-535-6249;landline
297-871-0819;landline
221-265-4368;landline
133-140-2134;mobile
798-165-6648;mobile
602-209-4832;landline
552-531-9557;mobile
867-455-5164;landline
912-375-7131;landline
943-710-1182;landline
380-286-6847;landline
868-649-2664;mobile
334-506-0898;landline
689-181-6554;mobile
980-935-8308;mobile
817-627-0949;landline
634-845-8362;landline
720-378-7591;landline
349-603-5041;mobile
912-431-4358;mobile
448-629-4538;mobile
534-531-5594;landline
212-571-6271;mobile
859-886-8959;mobile
431-675-8407;landline
580-252-6423;landline
583-758-1537;mobile
558-134-7767;landline
866-915-2810;landline
714-943-0205;mobile
839-474-2194;landline
704-823-0295;landline
532-695-8525;mobile
738-979-4315;landline
900-203-0494;landline
768-232-1517;landline
935-925-7243;mobile
805-420-1560;landline
814-313-5088;mobile
691-666-6328;landline
816-547-0020;mobile
773-324-3637;mobile
167-114-1203;landline
783-278-0888;mobile
522-799-9906;mobile
454-346-5526;mobile
861-901-8106;mobile
389-780-4333;mobile
649-931-4127;mobile
220-428-3312;mobile
790-315-1176;mobile
604-286-6446;mobile
353-171-3941;mobile
179-572-3137;landline
565-436-6284;mobile
498-975-1448;landline
417-237-0410;mobile
717-973-1972;mobile
537-691-9411;landline
455-121-4553;landline
126-278-6065;landline
919-635-3298;mobile
516-708-1969;mobile
960-454-5558;mobile
521-340-4734;landline
815-335-7242;mobile
565-612-1107;mobile
508-559-7551;landline
433-858-2101;mobile
325-740-2060;landline
958-941-9528;mobile
516-987-4931;landline
178-118-9738;landline
458-252-2779;landline
908-258-7675;mobile
375-903-5611;mobile
558-603-3299;landline
206-818-5663;mobile
683-152-2174;mobile
849-135-9155;mobile
105-860-5421;mobile
953-132-4830;landline
505-659-5689;mobile
823-130-3182;landline
169-109-6867;landline
120-383-4982;landline
940-840-1978;mobile
329-381-7914;mobile
514-726-8429;mobile
574-403-1381;landline
321-521-3816;mobile
583-887-8539;mobile
988-380-2482;landline
326-835-4784;landline
671-324-8303;mobile
296-840-8527;mobile
441-913-0748;landline
939-656-2687;mobile
766-475-2923;mobile
252-940-5501;landline
879-448-6184;mobile
653-415-7268;landline
620-745-7289;landline
139-398-3935;mobile
732-252-5682;mobile
435-124-4581;landline
695-338-8616;mobile
195-519-6000;mobile
728-550-4574;landline
422-806-6630;landline
144-362-5101;mobile
856-988-5625;landline
877-100-2152;mobile
856-212-7120;mobile
292-371-3742;landline
744-858-6641;landline
474-296-5393;mobile
154-163-6469;mobile
109-109-8081;landline
554-717-3301;mobile
233-412-3700;mobile
904-916-6399;mobile
995-843-4167;mobile
842-405-3377;mobile
420-178-6148;landline
133-210-2243;mobile
646-881-9114;landline
564-201-0781;mobile
952-590-1179;landline
191-458-0616;mobile
165-875-6588;mobile
585-115-2706;mobile
277-325-4334;mobile
102-974-4788;landline
960-769-0146;landline
542-495-2146;landline
980-531-4553;mobile
476-557-9396;landline
696-123-7007;landline
425-101-0723;mobile
317-548-9325;landline
361-731-0427;landline
843-486-9160;mobile
598-402-0893;mobile
250-930-0664;mobile
810-693-6671;mobile
539-961-2256;landline
805-979-6793;mobile
987-767-6291;mobile
175-712-1006;landline
327-356-2050;landline
776-564-5202;landline
944-551-6961;mobile
933-438-2077;mobile
864-116-2041;landline
696-801-1177;landline
308-595-0431;mobile
414-535-2322;landline
513-885-6547;mobile
147-623-0019;mobile
453-277-7588;landline
685-550-2722;landline
309-246-8103;landline
760-604-1897;landline
579-964-0402;mobile
118-457-7775;mobile
143-743-9254;landline
937-981-9845;mobile
269-687-3198;mobile
240-843-6295;mobile
137-135-4363;mobile
138-677-7363;mobile
155-559-8819;mobile
148-596-7205;mobile
947-546-0121;mobile
504-524-3369;landline
470-153-7185;landline
805-232-9997;landline
586-881-6515;mobile
329-981-0660;landline
368-959-7045;mobile
468-171-0549;landline
520-510-4478;mobile
955-227-5056;landline
334-655-1065;landline
381-884-9247;landline
176-860-5751;landline
885-786-8508;landline
629-578-8953;landline
518-488-0274;mobile
572-206-9518;landline
993-502-7801;mobile
689-562-6477;mobile
654-851-8225;landline
783-328-5765;landline
412-137-0965;landline
565-257-9299;mobile
208-432-2532;landline
113-255-9061;landline
821-765-1949;mobile
282-805-8270;mobile
146-641-6031;mobile
614-277-2973;mobile
655-405-3451;mobile
134-649-8574;mobile
380-541-5545;landline
455-183-8295;mobile
570-310-6009;mobile
928-996-6889;landline
315-975-2200;landline
277-319-6412;mobile
460-891-4507;landline
474-708-0047;mobile
817-662-6292;mobile
313-771-1726;mobile
473-156-2125;mobile
230-225-9692;landline
290-620-1426;landline
561-360-2714;mobile
940-169-8132;landline
908-126-6669;landline
909-621-9389;landline
243-911-1170;mobile
733-990-0118;mobile
776-189-8713;landline
549-994-4298;mobile
518-383-1473;mobile
937-347-4538;landline
356-209-3715;landline
827-403-2949;landline
567-881-1791;landline
632-237-0509;mobile
200-793-6760;landline
962-717-4410;mobile
916-260-2442;landline
134-372-6655;landline
205-634-5569;mobile
261-848-8187;mobile
907-407-7856;landline
646-210-3219;mobile
334-471-0484;landline
488-951-6161;landline
679-732-7874;landline
690-150-2087;landline
602-439-9878;landline
972-254-1648;mobile
813-614-4293;mobile
551-917-6517;mobile
586-257-9936;landline
931-139-3450;landline
600-516-0181;mobile
834-875-3183;landline
863-850-7746;mobile
306-689-6960;mobile
270-423-1624;landline
558-277-5383;mobile
409-446-9924;mobile
323-633-5801;mobile
994-334-8439;landline
624-117-6045;landline
705-256-8490;mobile
704-260-6127;landline
682-348-5087;mobile
449-632-7480;landline
915-785-1369;landline
326-881-8225;mobile
803-378-4798;landline
683-194-5138;landline
212-754-8813;mobile
853-977-1837;landline
746-631-9500;mobile
269-677-4741;landline
232-267-4393;mobile
820-937-3663;landline
275-327-8051;mobile
792-350-4249;mobile
978-493-9512;landline
176-592-1987;mobile
177-331-5156;mobile
819-210-3443;landline
184-412-7779;mobile
539-922-0727;mobile
824-909-5426;landline
752-493-4991;mobile
947-432-9551;mobile
343-379-2510;landline
545-154-6504;mobile
857-195-3349;landline
439-911-0526;landline
682-654-6744;landline
128-766-5572;landline
695-558-2421;mobile
420-891-1564;landline
920-230-9905;mobile
991-954-3139;landline
316-137-6952;landline
275-769-7317;landline
585-278-9432;landline
980-740-6372;mobile
912-989-2075;mobile
632-588-4923;landline
388-831-4962;mobile
671-296-9356;mobile
649-113-2764;landline
372-192-7565;mobile
317-575-2579;landline
547-911-4412;mobile
596-405-7489;landline
950-780-0409;mobile
801-325-7032;landline
814-998-9210;mobile
417-979-4933;landline
279-840-5273;landline
861-534-7016;mobile
665-406-8819;mobile
956-354-1628;landline
148-591-8694;mobile
982-453-6976;mobile
217-673-7524;mobile
857-105-7219;landline
843-174-0116;landline
138-943-4329;mobile
526-765-5693;mobile
425-752-3641;landline
898-954-8935;landline
893-117-7135;mobile
556-130-8004;mobile
583-559-0419;mobile
115-735-8462;landline
779-998-2621;landline
264-620-4626;mobile
916-628-7776;landline
403-135-3609;landline
261-986-4679;landline
923-324-1741;mobile
599-283-3779;mobile
731-709-9170;mobile
760-182-9877;mobile
786-672-1708;landline
598-912-1955;landline
796-746-4025;landline
840-521-4857;landline
917-503-0107;mobile
512-387-9576;mobile
348-411-0819;mobile
253-431-9466;mobile
134-821-8628;landline
117-971-5158;mobile
956-741-9299;landline
338-245-1938;landline
471-769-0009;mobile
633-774-8666;landline
375-717-0427;landline
456-608-2921;landline
919-869-3850;mobile
969-776-8747;mobile
399-385-7533;mobile
784-959-8657;mobile
337-559-8037;landline
988-436-2854;mobile
131-810-0325;mobile
129-571-3896;mobile
292-764-4938;mobile
957-560-6535;mobile
364-582-1823;landline
265-913-4817;landline
166-530-1069;landline
685-917-9058;landline
416-506-0754;landline
742-122-4964;landline
921-278-3552;landline
909-735-9537;mobile
251-310-7941;mobile
539-834-3822;landline
252-365-7328;landline
520-415-9134;mobile
128-302-2476;landline
236-259-5296;mobile
465-331-3437;landline
339-502-4947;mobile
106-925-1065;mobile
386-780-1762;landline
496-700-9355;mobile
510-126-2102;mobile
829-634-0255;landline
606-471-0007;mobile
289-939-7835;mobile
148-124-1140;landline
785-921-7951;mobile
232-736-7705;landline
783-799-2172;landline
285-852-5837;mobile
771-261-9052;mobile
985-556-7838;mobile
463-676-6283;mobile
233-658-1089;mobile
456-628-6334;mobile
122-687-5260;mobile
525-793-4948;landline
960-214-3846;mobile
189-263-7888;mobile
287-710-2502;mobile
501-365-3458;landline
706-751-9207;mobile
325-605-0027;mobile
604-901-9751;mobile
318-214-2522;landline
587-363-0980;landline
512-231-5072;mobile
803-403-8731;mobile
385-499-2152;landline
921-669-9540;mobile
267-269-3884;landline
495-208-1092;mobile
317-293-5034;landline
909-735-1657;landline
913-534-7929;mobile
914-177-8853;mobile
266-583-3326;landline
536-930-6744;landline
373-927-5819;landline
809-553-8663;mobile
244-399-1667;mobile
211-407-4756;mobile
871-905-3846;mobile
388-306-0178;mobile
921-682-2558;landline
594-535-1632;landline
774-388-2295;landline
868-409-8818;mobile
745-866-7464;mobile
118-998-0278;mobile
163-912-8153;landline
311-626-8489;mobile
998-947-1025;mobile
730-268-3659;mobile
402-799-5954;landline
831-550-8722;mobile
672-168-7321;mobile
665-533-6936;mobile
232-668-2241;landline
167-740-0094;mobile
421-891-0404;mobile
303-834-2578;landline
732-398-4492;mobile
943-403-5572;landline
432-642-2853;mobile
786-912-1196;mobile
334-290-4727;landline
524-403-7458;mobile
526-490-1446;mobile
952-802-2405;mobile
634-648-1352;mobile
763-465-1139;landline
923-781-4532;mobile
364-159-6550;mobile
717-239-8945;mobile
750-493-5992;mobile
185-597-9639;landline
709-153-3761;mobile
745-943-5862;mobile
159-886-4238;landline
218-435-1371;landline
420-246-5963;mobile
433-181-4596;mobile
484-981-6417;mobile
405-745-9481;landline
815-806-1931;landline
812-679-9554;mobile
577-629-6469;mobile
300-584-3757;landline
401-945-0132;mobile
230-763-2189;mobile
372-210-1408;mobile
999-338-2158;landline
515-415-4439;mobile
280-256-0871;landline
221-590-8832;mobile
429-525-6776;landline
425-901-5517;mobile
770-327-6168;landline
736-456-6158;mobile
223-683-7026;mobile
963-799-1425;mobile
960-108-7574;mobile
153-598-4041;landline
865-829-8632;mobile
205-504-7125;mobile
540-168-2998;landline
151-497-7923;mobile
607-890-7399;mobile
705-623-9133;landline
993-259-6825;landline
472-943-4730;landline
186-677-0436;landline
268-208-7846;landline
498-634-5301;mobile
255-160-7301;mobile
955-461-5805;landline
833-596-4662;landline
881-277-5855;landline
351-794-9364;mobile
359-922-6695;mobile
165-575-7405;landline
791-155-7235;landline
706-811-6136;landline
570-221-9142;mobile
291-796-5585;mobile
358-776-8149;mobile
267-715-4277;mobile
596-137-5930;mobile
213-833-6549;mobile
140-368-3554;mobile
423-935-6733;landline
266-842-2894;mobile
644-349-0564;landline
397-243-5487;mobile
136-739-4010;landline
252-290-1291;landline
365-861-8944;landline
582-428-0416;mobile
773-351-7994;landline
610-311-2590;landline
989-590-4203;mobile
528-458-1186;mobile
677-919-7102;mobile
202-931-0575;landline
845-184-5923;landline
807-371-9442;landline
467-397-2636;mobile
202-268-8885;mobile
746-431-4509;landline
382-870-8899;landline
573-270-2615;landline
447-893-7771;mobile
808-398-2865;landline
902-541-2037;mobile
934-850-0988;mobile
114-480-8463;mobile
323-444-3398;landline
853-137-8734;landline
986-996-0731;mobile
985-907-2329;mobile
573-778-3896;mobile
373-450-2664;landline
931-290-5171;landline
258-627-7432;mobile
517-967-8957;mobile
898-873-1614;mobile
529-314-7713;landline
691-932-1147;landline
756-168-9167;landline
608-588-7112;landline
358-276-4881;mobile
712-473-5494;landline
960-550-1774;mobile
725-443-9873;mobile
310-492-6155;landline
130-958-6362;mobile
215-796-5319;landline
392-225-5149;landline
819-409-6947;landline
993-653-7352;landline
946-374-5954;landline
194-863-9280;mobile
174-973-1106;landline
887-116-7937;mobile
331-783-7939;landline
223-255-6858;mobile
734-411-0043;mobile
180-101-4292;mobile
944-823-8735;mobile
149-818-8091;mobile
108-473-2777;landline
280-975-3723;mobile
209-848-4497;mobile
534-636-4100;mobile
951-737-6083;mobile
560-143-1213;mobile
749-236-9162;mobile
822-174-7070;mobile
940-548-6420;mobile
609-730-6755;mobile
801-683-2550;mobile
771-729-3818;mobile
284-599-9102;mobile
295-641-6285;mobile
901-836-6657;landline
891-183-6138;landline
445-776-7487;mobile
832-104-3178;mobile
864-818-3495;mobile
670-941-0491;landline
376-689-1385;landline
720-700-0063;mobile
615-306-1256;landline
283-493-5915;mobile
443-784-5686;mobile
598-791-6173;mobile
720-983-5473;mobile
278-365-5436;landline
201-616-1901;landline
673-376-4703;landline
918-857-2399;mobile
369-964-0340;landline
676-884-0887;mobile
878-952-4735;mobile
666-297-7638;mobile
634-165-9660;mobile
771-316-3594;landline
606-655-2477;mobile
218-934-0451;landline
859-834-6299;landline
604-742-0236;landline
296-142-3195;landline
343-990-1328;mobile
958-356-7679;landline
162-933-0121;landline
672-179-4734;landline
560-854-4962;landline
525-788-5159;landline
881-385-5467;mobile
871-724-1144;mobile
942-747-5026;landline
519-493-8334;landline
354-217-1531;mobile
425-225-1666;landline
714-363-5150;mobile
657-405-2443;landline
309-273-2109;mobile
900-994-2589;mobile
830-583-3366;mobile
971-335-3757;mobile
474-267-4107;landline
472-874-5152;mobile
637-509-9376;mobile
496-636-7339;landline
704-863-9854;mobile
680-803-0512;mobile
904-828-9300;mobile
954-599-8665;mobile
125-500-0275;landline
310-966-9233;mobile
725-634-7500;mobile
660-217-8786;mobile
792-169-6157;landline
170-497-2451;landline
174-399-3855;mobile
998-120-5116;landline
836-922-2123;mobile
606-711-6818;landline
306-468-4515;mobile
813-286-4424;landline
521-834-8898;landline
494-631-0223;mobile
131-432-8167;mobile
520-511-8502;mobile
405-998-2317;landline
492-922-2742;mobile
943-971-0685;landline
476-565-9446;landline
554-490-8225;mobile
136-829-7719;landline
385-944-4642;landline
999-000-0000;landline
999-000-0001;mobile
999-000-0002;landline
999-000-0003;mobile
999-000-0004;landline
999-000-0005;mobile
999-000-0006;landline
999-000-0007;mobile
999-000-0008;landline
999-000-0009;mobile
999-000-0010;landline
999-000-0011;mobile
999-000-0012;landline
999-000-0013;mobile
999-000-0014;landline
999-000-0015;mobile
999-000-0016;landline
999-000-0017;mobile
999-000-0018;landline
999-000-0019;mobile
999-000-0020;landline
999-000-0021;mobile
999-000-0022;landline
999-000-0023;mobile
999-000-0024;landline
999-000-0025;mobile
999-000-0026;landline
999-000-0027;mobile
999-000-0028;landline
999-000-0029;mobile
999-000-0030;landline
999-000-0031;mobile
999-000-0032;landline
999-000-0033;mobile
999-000-0034;landline
999-000-0035;mobile
999-000-0036;landline
999-000-0037;mobile
999-000-0038;landline
999-000-0039;mobile
999-000-0040;landline
999-000-0041;mobile
999-000-0042;landline
999-000-0043;mobile
999-000-0044;landline
999-000-0045;mobile
999-000-0046;landline
999-000-0047;mobile
999-000-0048;landline
999-000-0049;mobile
999-000-0050;landline
999-000-0051;mobile
999-000-0052;landline
999-000-0053;mobile
999-000-0054;landline
999-000-0055;mobile
999-000-0056;landline
999-000-0057;mobile
999-000-0058;landline
999-000-0059;mobile
999-000-0060;landline
999-000-0061;mobile
999-000-0062;landline
999-000-0063;mobile
999-000-0064;landline
999-000-0065;mobile
999-000-0066;landline
999-000-0067;mobile
999-000-0068;landline
999-000-0069;mobile
999-000-0070;landline
999-000-0071;mobile
999-000-0072;landline
999-000-0073;mobile
999-000-0074;landline
999-000-0075;mobile
999-000-0076;landline
999-000-0077;mobile
999-000-0078;landline
999-000-0079;mobile
999-000-0080;landline
999-000-0081;mobile
999-000-0082;landline
999-000-0083;mobile
999-000-0084;landline
999-000-0085;mobile
999-000-0086;landline
999-000-0087;mobile
999-000-0088;landline
999-000-0089;mobile
999-000-0090;landline
999-000-0091;mobile
999-000-0092;landline
999-000-0093;mobile
999-000-0094;landline
999-000-0095;mobile
999-000-0096;landline
999-000-0097;mobile
999-000-0098;landline
999-000-0099;mobile
999-000-0100;landline
999-000-0101;mobile
999-000-0102;landline
999-000-0103;mobile
999-000-0104;landline
999-000-0105;mobile
999-000-0106;landline
999-000-0107;mobile
999-000-0108;landline
999-000-0109;mobile
999-000-0110;landline
999-000-0111;mobile
999-000-0112;landline
999-000-0113;mobile
999-000-0114;landline
999-000-0115;mobile
999-000-0116;landline
999-000-0117;mobile
999-000-0118;landline
999-000-0119;mobile
999-000-0120;landline
999-000-0121;mobile
999-000-0122;landline
999-000-0123;mobile
999-000-0124;landline
999-000-0125;mobile
999-000-0126;landline
999-000-0127;mobile
999-000-0128;landline
999-000-0129;mobile
999-000-0130;landline
999-000-0131;mobile
999-000-0132;landline
999-000-0133;mobile
999-000-0134;landline
999-000-0135;mobile
999-000-0136;landline
999-000-0137;mobile
999-000-0138;landline
999-000-0139;mobile
999-000-0140;landline
999-000-0141;mobile
999-000-0142;landline
999-000-0143;mobile
999-000-0144;landline
999-000-0145;mobile
999-000-0146;landline
999-000-0147;mobile
999-000-0148;landline
999-000-0149;mobile
999-000-0150;landline
999-000-0151;mobile
999-000-0152;landline
999-000-0153;mobile
999-000-0154;landline
999-000-0155;mobile
999-000-0156;landline
999-000-0157;mobile
999-000-0158;landline
999-000-0159;mobile
999-000-0160;landline
999-000-0161;mobile
999-000-0162;landline
999-000-0163;mobile
999-000-0164;landline
999-000-0165;mobile
999-000-0166;landline
999-000-0167;mobile
999-000-0168;landline
999-000-0169;mobile
999-000-0170;landline
999-000-0171;mobile
999-000-0172;landline
999-000-0173;mobile
999-000-0174;landline
999-000-0175;mobile
999-000-0176;landline
999-000-0177;mobile
999-000-0178;landline
999-000-0179;mobile
999-000-0180;landline
999-000-0181;mobile
999-000-0182;landline
999-000-0183;mobile
999-000-0184;landline
999-000-0185;mobile
999-000-0186;landline
999-000-0187;mobile
999-000-0188;landline
999-000-0189;mobile
999-000-0190;landline
999-000-0191;mobile
999-000-0192;landline
999-000-0193;mobile
999-000-0194;landline
999-000-0195;mobile
999-000-0196;landline
999-000-0197;mobile
999-000-0198;landline
999-000-0199;mobile
999-000-0200;landline
999-000-0201;mobile
999-000-0202;landline
999-000-0203;mobile
999-000-0204;landline
999-000-0205;mobile
999-000-0206;landline
999-000-0207;mobile
999-000-0208;landline
999-000-0209;mobile
999-000-0210;landline
999-000-0211;mobile
999-000-0212;landline
999-000-0213;mobile
999-000-0214;landline
999-000-0215;mobile
999-000-0216;landline
999-000-0217;mobile
999-000-0218;landline
999-000-0219;mobile
999-000-0220;landline
999-000-0221;mobile
999-000-0222;landline
999-000-0223;mobile
999-000-0224;landline
999-000-0225;mobile
999-000-0226;landline
999-000-0227;mobile
999-000-0228;landline
999-000-0229;mobile
999-000-0230;landline
999-000-0231;mobile
999-000-0232;landline
999-000-0233;mobile
999-000-0234;landline
999-000-0235;mobile
999-000-0236;landline
999-000-0237;mobile
999-000-0238;landline
999-000-0239;mobile
999-000-0240;landline
999-000-0241;mobile
999-000-0242;landline
999-000-0243;mobile
999-000-0244;landline
999-000-0245;mobile
999-000-0246;landline
999-000-0247;mobile
999-000-0248;landline
999-000-0249;mobile
999-000-0250;landline
999-000-0251;mobile
999-000-0252;landline
999-000-0253;mobile
999-000-0254;landline
999-000-0255;mobile
999-000-0256;landline
999-000-0257;mobile
999-000-0258;landline
999-000-0259;mobile
999-000-0260;landline
999-000-0261;mobile
999-000-0262;landline
999-000-0263;mobile
999-000-0264;landline
999-000-0265;mobile
999-000-0266;landline
999-000-0267;mobile
999-000-0268;landline
999-000-0269;mobile
999-000-0270;landline
999-000-0271;mobile
999-000-0272;landline
999-000-0273;mobile
999-000-0274;landline
999-000-0275;mobile
999-000-0276;landline
999-000-0277;mobile
999-000-0278;landline
999-000-0279;mobile
999-000-0280;landline
999-000-0281;mobile
999-000-0282;landline
999-000-0283;mobile
999-000-0284;landline
999-000-0285;mobile
999-000-0286;landline
999-000-0287;mobile
999-000-0288;landline
999-000-0289;mobile
999-000-0290;landline
999-000-0291;mobile
999-000-0292;landline
999-000-0293;mobile
999-000-0294;landline
999-000-0295;mobile
999-000-0296;landline
999-000-0297;mobile
999-000-0298;landline
999-000-0299;mobile
999-000-0300;landline
999-000-0301;mobile
999-000-0302;landline
999-000-0303;mobile
999-000-0304;landline
999-000-0305;mobile
999-000-0306;landline
999-000-0307;mobile
999-000-0308;landline
999-000-0309;mobile
999-000-0310;landline
999-000-0311;mobile
999-000-0312;landline
999-000-0313;mobile
999-000-0314;landline
999-000-0315;mobile
999-000-0316;landline
999-000-0317;mobile
999-000-0318;landline
999-000-0319;mobile
999-000-0320;landline
999-000-0321;mobile
999-000-0322;landline
999-000-0323;mobile
999-000-0324;landline
999-000-0325;mobile
999-000-0326;landline
999-000-0327;mobile
999-000-0328;landline
999-000-0329;mobile
999-000-0330;landline
999-000-0331;mobile
999-000-0332;landline
999-000-0333;mobile
999-000-0334;landline
999-000-0335;mobile
999-000-0336;landline
999-000-0337;mobile
999-000-0338;landline
999-000-0339;mobile
999-000-0340;landline
999-000-0341;mobile
999-000-0342;landline
999-000-0343;mobile
999-000-0344;landline
999-000-0345;mobile
999-000-0346;landline
999-000-0347;mobile
999-000-0348;landline
999-000-0349;mobile
999-000-0350;landline
999-000-0351;mobile
999-000-0352;landline
999-000-0353;mobile
999-000-0354;landline
999-000-0355;mobile
999-000-0356;landline
999-000-0357;mobile
999-000-0358;landline
999-000-0359;mobile
999-000-0360;landline
999-000-0361;mobile
999-000-0362;landline
999-000-0363;mobile
999-000-0364;landline
999-000-0365;mobile
999-000-0366;landline
999-000-0367;mobile
999-000-0368;landline
999-000-0369;mobile
999-000-0370;landline
999-000-0371;mobile
999-000-0372;landline
999-000-0373;mobile
999-000-0374;landline
999-000-0375;mobile
999-000-0376;landline
999-000-0377;mobile
999-000-0378;landline
999-000-0379;mobile
999-000-0380;landline
999-000-0381;mobile
999-000-0382;landline
999-000-0383;mobile
999-000-0384;landline
999-000-0385;mobile
999-000-0386;landline
999-000-0387;mobile
999-000-0388;landline
999-000-0389;mobile
999-000-0390;landline
999-000-0391;mobile
999-000-0392;landline
999-000-0393;mobile
999-000-0394;landline
999-000-0395;mobile
999-000-0396;landline
999-000-0397;mobile
999-000-0398;landline
999-000-0399;mobile
999-000-0400;landline
999-000-0401;mobile
999-000-0402;landline
999-000-0403;mobile
999-000-0404;landline
999-000-0405;mobile
999-000-0406;landline
999-000-0407;mobile
999-000-0408;landline
999-000-0409;mobile
999-000-0410;landline
999-000-0411;mobile
999-000-0412;landline
999-000-0413;mobile
999-000-0414;landline
999-000-0415;mobile
999-000-0416;landline
999-000-0417;mobile
999-000-0418;landline
999-000-0419;mobile
999-000-0420;landline
999-000-0421;mobile
999-000-0422;landline
999-000-0423;mobile
999-000-0424;landline
999-000-0425;mobile
999-000-0426;landline
999-000-0427;mobile
999-000-0428;landline
999-000-0429;mobile
999-000-0430;landline
999-000-0431;mobile
999-000-0432;landline
999-000-0433;mobile
999-000-0434;landline
999-000-0435;mobile
999-000-0436;landline
999-000-0437;mobile
999-000-0438;landline
999-000-0439;mobile
999-000-0440;landline
999-000-0441;mobile
999-000-0442;landline
999-000-0443;mobile
999-000-0444;landline
999-000-0445;mobile
999-000-0446;landline
999-000-0447;mobile
999-000-0448;landline
999-000-0449;mobile
999-000-0450;landline
999-000-0451;mobile
999-000-0452;landline
999-000-0453;mobile
999-000-0454;landline
999-000-0455;mobile
999-000-0456;landline
999-000-0457;mobile
999-000-0458;landline
999-000-0459;mobile
999-000-0460;landline
999-000-0461;mobile
999-000-0462;landline
999-000-0463;mobile
999-000-0464;landline
999-000-0465;mobile
999-000-0466;landline
999-000-0467;mobile
999-000-0468;landline
999-000-0469;mobile
999-000-0470;landline
999-000-0471;mobile
999-000-0472;landline
999-000-0473;mobile
999-000-0474;landline
999-000-0475;mobile
999-000-0476;landline
999-000-0477;mobile
999-000-0478;landline
999-000-0479;mobile
999-000-0480;landline
999-000-0481;mobile
999-000-0482;landline
999-000-0483;mobile
999-000-0484;landline
999-000-0485;mobile
999-000-0486;landline
999-000-0487;mobile
999-000-0488;landline
999-000-0489;mobile
999-000-0490;landline
999-000-0491;mobile
999-000-0492;landline
999-000-0493;mobile
999-000-0494;landline
999-000-0495;mobile
999-000-0496;landline
999-000-0497;mobile
999-000-0498;landline
999-000-0499;mobile
999-000-0500;landline
999-000-0501;mobile
999-000-0502;landline
999-000-0503;mobile
999-000-0504;landline
999-000-0505;mobile
999-000-0506;landline
999-000-0507;mobile
999-000-0508;landline
999-000-0509;mobile
999-000-0510;landline
999-000-0511;mobile
999-000-0512;landline
999-000-0513;mobile
999-000-0514;landline
999-000-0515;mobile
999-000-0516;landline
999-000-0517;mobile
999-000-0518;landline
999-000-0519;mobile
999-000-0520;landline
999-000-0521;mobile
999-000-0522;landline
999-000-0523;mobile
999-000-0524;landline
999-000-0525;mobile
999-000-0526;landline
999-000-0527;mobile
999-000-0528;landline
999-000-0529;mobile
999-000-0530;landline
999-000-0531;mobile
999-000-0532;landline
999-000-0533;mobile
999-000-0534;landline
999-000-0535;mobile
999-000-0536;landline
999-000-0537;mobile
999-000-0538;landline
999-000-0539;mobile
999-000-0540;landline
999-000-0541;mobile
999-000-0542;landline
999-000-0543;mobile
999-000-0544;landline
999-000-0545;mobile
999-000-0546;landline
999-000-0547;mobile
999-000-0548;landline
999-000-0549;mobile
999-000-0550;landline
999-000-0551;mobile
999-000-0552;landline
999-000-0553;mobile
999-000-0554;landline
999-000-0555;mobile
999-000-0556;landline
999-000-0557;mobile
999-000-0558;landline
999-000-0559;mobile
999-000-0560;landline
999-000-0561;mobile
999-000-0562;landline
999-000-0563;mobile
999-000-0564;landline
999-000-0565;mobile
999-000-0566;landline
999-000-0567;mobile
999-000-0568;landline
999-000-0569;mobile
999-000-0570;landline
999-000-0571;mobile
999-000-0572;landline
999-000-0573;mobile
999-000-0574;landline
999-000-0575;mobile
999-000-0576;landline
999-000-0577;mobile
999-000-0578;landline
999-000-0579;mobile
999-000-0580;landline
999-000-0581;mobile
999-000-0582;landline
999-000-0583;mobile
999-000-0584;landline
999-000-0585;mobile
999-000-0586;landline
999-000-0587;mobile
999-000-0588;landline
999-000-0589;mobile
999-000-0590;landline
999-000-0591;mobile
999-000-0592;landline
999-000-0593;mobile
999-000-0594;landline
999-000-0595;mobile
999-000-0596;landline
999-000-0597;mobile
999-000-0598;landline
999-000-0599;mobile
999-000-0600;landline
999-000-0601;mobile
999-000-0602;landline
999-000-0603;mobile
999-000-0604;landline
999-000-0605;mobile
999-000-0606;landline
999-000-0607;mobile
999-000-0608;landline
999-000-0609;mobile
999-000-0610;landline
999-000-0611;mobile
999-000-0612;landline
999-000-0613;mobile
999-000-0614;landline
999-000-0615;mobile
999-000-0616;landline
999-000-0617;mobile
999-000-0618;landline
999-000-0619;mobile
999-000-0620;landline
999-000-0621;mobile
999-000-0622;landline
999-000-0623;mobile
999-000-0624;landline
999-000-0625;mobile
999-000-0626;landline
999-000-0627;mobile
999-000-0628;landline
999-000-0629;mobile
999-000-0630;landline
999-000-0631;mobile
999-000-0632;landline
999-000-0633;mobile
999-000-0634;landline
999-000-0635;mobile
999-000-0636;landline
999-000-0637;mobile
999-000-0638;landline
999-000-0639;mobile
999-000-0640;landline
999-000-0641;mobile
999-000-0642;landline
999-000-0643;mobile
999-000-0644;landline
999-000-0645;mobile
999-000-0646;landline
999-000-0647;mobile
999-000-0648;landline
999-000-0649;mobile
999-000-0650;landline
999-000-0651;mobile
999-000-0652;landline
999-000-0653;mobile
999-000-0654;landline
999-000-0655;mobile
999-000-0656;landline
999-000-0657;mobile
999-000-0658;landline
999-000-0659;mobile
999-000-0660;landline
999-000-0661;mobile
999-000-0662;landline
999-000-0663;mobile
999-000-0664;landline
999-000-0665;mobile
999-000-0666;landline
999-000-0667;mobile
999-000-0668;landline
999-000-0669;mobile
999-000-0670;landline
999-000-0671;mobile
999-000-0672;landline
999-000-0673;mobile
999-000-0674;landline
999-000-0675;mobile
999-000-0676;landline
999-000-0677;mobile
999-000-0678;landline
999-000-0679;mobile
999-000-0680;landline
999-000-0681;mobile
999-000-0682;landline
999-000-0683;mobile
999-000-0684;landline
999-000-0685;mobile
999-000-0686;landline
999-000-0687;mobile
999-000-0688;landline
999-000-0689;mobile
999-000-0690;landline
999-000-0691;mobile
999-000-0692;landline
999-000-0693;mobile
999-000-0694;landline
999-000-0695;mobile
999-000-0696;landline
999-000-0697;mobile
999-000-0698;landline
999-000-0699;mobile
999-000-0700;landline
999-000-0701;mobile
999-000-0702;landline
999-000-0703;mobile
999-000-0704;landline
999-000-0705;mobile
999-000-0706;landline
999-000-0707;mobile
999-000-0708;landline
999-000-0709;mobile
999-000-0710;landline
999-000-0711;mobile
999-000-0712;landline
999-000-0713;mobile
999-000-0714;landline
999-000-0715;mobile
999-000-0716;landline
999-000-0717;mobile
999-000-0718;landline
999-000-0719;mobile
999-000-0720;landline
999-000-0721;mobile
999-000-0722;landline
999-000-0723;mobile
999-000-0724;landline
999-000-0725;mobile
999-000-0726;landline
999-000-0727;mobile
999-000-0728;landline
999-000-0729;mobile
999-000-0730;landline
999-000-0731;mobile
999-000-0732;landline
999-000-0733;mobile
999-000-0734;landline
999-000-0735;mobile
999-000-0736;landline
999-000-0737;mobile
999-000-0738;landline
999-000-0739;mobile
999-000-0740;landline
999-000-0741;mobile
999-000-0742;landline
999-000-0743;mobile
999-000-0744;landline
999-000-0745;mobile
999-000-0746;landline
999-000-0747;mobile
999-000-0748;landline
999-000-0749;mobile
999-000-0750;landline
999-000-0751;mobile
999-000-0752;landline
999-000-0753;mobile
999-000-0754;landline
999-000-0755;mobile
999-000-0756;landline
999-000-0757;mobile
999-000-0758;landline
999-000-0759;mobile
999-000-0760;landline
999-000-0761;mobile
999-000-0762;landline
999-000-0763;mobile
999-000-0764;landline
999-000-0765;mobile
999-000-0766;landline
999-000-0767;mobile
999-000-0768;landline
999-000-0769;mobile
999-000-0770;landline
999-000-0771;mobile
999-000-0772;landline
999-000-0773;mobile
999-000-0774;landline
999-000-0775;mobile
999-000-0776;landline
999-000-0777;mobile
999-000-0778;landline
999-000-0779;mobile
999-000-0780;landline
999-000-0781;mobile
999-000-0782;landline
999-000-0783;mobile
999-000-0784;landline
999-000-0785;mobile
999-000-0786;landline
999-000-0787;mobile
999-000-0788;landline
999-000-0789;mobile
999-000-0790;landline
999-000-0791;mobile
999-000-0792;landline
999-000-0793;mobile
999-000-0794;landline
999-000-0795;mobile
999-000-0796;landline
999-000-0797;mobile
999-000-0798;landline
999-000-0799;mobile
999-000-0800;landline
999-000-0801;mobile
999-000-0802;landline
999-000-0803;mobile
999-000-0804;landline
999-000-0805;mobile
999-000-0806;landline
999-000-0807;mobile
999-000-0808;landline
999-000-0809;mobile
999-000-0810;landline
999-000-0811;mobile
999-000-0812;landline
999-000-0813;mobile
999-000-0814;landline
999-000-0815;mobile
999-000-0816;landline
999-000-0817;mobile
999-000-0818;landline
999-000-0819;mobile
999-000-0820;landline
999-000-0821;mobile
999-000-0822;landline
999-000-0823;mobile
999-000-0824;landline
999-000-0825;mobile
999-000-0826;landline
999-000-0827;mobile
999-000-0828;landline
999-000-0829;mobile
999-000-0830;landline
999-000-0831;mobile
999-000-0832;landline
999-000-0833;mobile
999-000-0834;landline
999-000-0835;mobile
999-000-0836;landline
999-000-0837;mobile
999-000-0838;landline
999-000-0839;mobile
999-000-0840;landline
999-000-0841;mobile
999-000-0842;landline
999-000-0843;mobile
999-000-0844;landline
999-000-0845;mobile
999-000-0846;landline
999-000-0847;mobile
999-000-0848;landline
999-000-0849;mobile
999-000-0850;landline
999-000-0851;mobile
999-000-0852;landline
999-000-0853;mobile
999-000-0854;landline
999-000-0855;mobile
999-000-0856;landline
999-000-0857;mobile
999-000-0858;landline
999-000-0859;mobile
999-000-0860;landline
999-000-0861;mobile
999-000-0862;landline
999-000-0863;mobile
999-000-0864;landline
999-000-0865;mobile
999-000-0866;landline
999-000-0867;mobile
999-000-0868;landline
999-000-0869;mobile
